"","X.miRNA","means"
"1","hsa-let-7a-2-3p",2
"2","hsa-let-7a-3p",75
"3","hsa-let-7a-5p",16252
"4","hsa-let-7b-3p",21
"5","hsa-let-7b-5p",6439
"6","hsa-let-7c-3p",3
"7","hsa-let-7c-5p",488
"8","hsa-let-7d-3p",27
"9","hsa-let-7d-5p",1478
"10","hsa-let-7e-3p",12
"11","hsa-let-7e-5p",1552
"12","hsa-let-7f-1-3p",18
"13","hsa-let-7f-2-3p",20
"14","hsa-let-7f-5p",26036
"15","hsa-let-7g-3p",5
"16","hsa-let-7g-5p",2361
"17","hsa-let-7i-3p",7
"18","hsa-let-7i-5p",11946
"19","hsa-miR-1-3p",0
"20","hsa-miR-1-5p",0
"21","hsa-miR-100-3p",260
"22","hsa-miR-100-5p",14718
"23","hsa-miR-101-2-5p",0
"24","hsa-miR-101-3p",402
"25","hsa-miR-101-5p",2
"26","hsa-miR-10226",0
"27","hsa-miR-10392-3p",0
"28","hsa-miR-10392-5p",0
"29","hsa-miR-10393-3p",0
"30","hsa-miR-10393-5p",0
"31","hsa-miR-10394-3p",0
"32","hsa-miR-10394-5p",0
"33","hsa-miR-10395-3p",0
"34","hsa-miR-10395-5p",0
"35","hsa-miR-10396a-3p",0
"36","hsa-miR-10396a-5p",0
"37","hsa-miR-10396b-3p",1
"38","hsa-miR-10396b-5p",0
"39","hsa-miR-10397-3p",0
"40","hsa-miR-10397-5p",0
"41","hsa-miR-10398-3p",0
"42","hsa-miR-10398-5p",0
"43","hsa-miR-10399-3p",10
"44","hsa-miR-10399-5p",11
"45","hsa-miR-103a-1-5p",0
"46","hsa-miR-103a-2-5p",1
"47","hsa-miR-103a-3p",2615.5
"48","hsa-miR-103b",0
"49","hsa-miR-10400-3p",0
"50","hsa-miR-10400-5p",0
"51","hsa-miR-10401-3p",6
"52","hsa-miR-10401-5p",0
"53","hsa-miR-105-3p",0
"54","hsa-miR-105-5p",0
"55","hsa-miR-10522-5p",0
"56","hsa-miR-10523-5p",4
"57","hsa-miR-10524-5p",0
"58","hsa-miR-10525-3p",0
"59","hsa-miR-10526-3p",0
"60","hsa-miR-10527-5p",5
"61","hsa-miR-106a-3p",1
"62","hsa-miR-106a-5p",25
"63","hsa-miR-106b-3p",258
"64","hsa-miR-106b-5p",253
"65","hsa-miR-107",364
"66","hsa-miR-10a-3p",1
"67","hsa-miR-10a-5p",2064
"68","hsa-miR-10b-3p",2
"69","hsa-miR-10b-5p",6228
"70","hsa-miR-11181-3p",0
"71","hsa-miR-11181-5p",0
"72","hsa-miR-11399",1
"73","hsa-miR-11400",0
"74","hsa-miR-11401",0
"75","hsa-miR-1178-3p",0
"76","hsa-miR-1178-5p",0
"77","hsa-miR-1179",0
"78","hsa-miR-1180-3p",50
"79","hsa-miR-1180-5p",1
"80","hsa-miR-1181",0
"81","hsa-miR-1182",0
"82","hsa-miR-1183",0
"83","hsa-miR-1184",0
"84","hsa-miR-1185-1-3p",5
"85","hsa-miR-1185-2-3p",0
"86","hsa-miR-1185-5p",2
"87","hsa-miR-1193",0
"88","hsa-miR-1197",0
"89","hsa-miR-1199-3p",0
"90","hsa-miR-1199-5p",0
"91","hsa-miR-1200",0
"92","hsa-miR-1202",0
"93","hsa-miR-1203",0
"94","hsa-miR-1204",0
"95","hsa-miR-1205",0
"96","hsa-miR-1206",0
"97","hsa-miR-1207-3p",0
"98","hsa-miR-1207-5p",0
"99","hsa-miR-1208",0
"100","hsa-miR-12113",0
"101","hsa-miR-12114",0
"102","hsa-miR-12115",0
"103","hsa-miR-12116",0
"104","hsa-miR-12117",0
"105","hsa-miR-12118",0
"106","hsa-miR-12119",0
"107","hsa-miR-12120",0
"108","hsa-miR-12121",0
"109","hsa-miR-12122",0
"110","hsa-miR-12123",0
"111","hsa-miR-12124",0
"112","hsa-miR-12125",0
"113","hsa-miR-12126",0
"114","hsa-miR-12127",0
"115","hsa-miR-12128",0
"116","hsa-miR-12129",0
"117","hsa-miR-12130",0
"118","hsa-miR-12131",0
"119","hsa-miR-12132",1
"120","hsa-miR-12133",0
"121","hsa-miR-12135",0
"122","hsa-miR-12136",0
"123","hsa-miR-122-3p",0
"124","hsa-miR-122-5p",0
"125","hsa-miR-1224-3p",0
"126","hsa-miR-1224-5p",0
"127","hsa-miR-1225-3p",0
"128","hsa-miR-1225-5p",0
"129","hsa-miR-1226-3p",0
"130","hsa-miR-1226-5p",0
"131","hsa-miR-1227-3p",2
"132","hsa-miR-1227-5p",0
"133","hsa-miR-1228-3p",0
"134","hsa-miR-1228-5p",0
"135","hsa-miR-1229-3p",0
"136","hsa-miR-1229-5p",0
"137","hsa-miR-122b-3p",0
"138","hsa-miR-122b-5p",0
"139","hsa-miR-1231",0
"140","hsa-miR-1233-3p",0
"141","hsa-miR-1233-5p",0
"142","hsa-miR-1234-3p",0
"143","hsa-miR-1236-3p",0
"144","hsa-miR-1236-5p",0
"145","hsa-miR-1237-3p",0
"146","hsa-miR-1237-5p",0
"147","hsa-miR-1238-3p",0
"148","hsa-miR-1238-5p",0
"149","hsa-miR-124-3p",0
"150","hsa-miR-124-5p",0
"151","hsa-miR-1243",1
"152","hsa-miR-1244",0
"153","hsa-miR-1245a",0
"154","hsa-miR-1245b-3p",0
"155","hsa-miR-1245b-5p",0
"156","hsa-miR-1246",1
"157","hsa-miR-1247-3p",0
"158","hsa-miR-1247-5p",0
"159","hsa-miR-1248",5
"160","hsa-miR-1249-3p",1
"161","hsa-miR-1249-5p",0
"162","hsa-miR-1250-3p",0
"163","hsa-miR-1250-5p",0
"164","hsa-miR-1251-3p",0
"165","hsa-miR-1251-5p",0
"166","hsa-miR-1252-3p",0
"167","hsa-miR-1252-5p",0
"168","hsa-miR-1253",0
"169","hsa-miR-1255a",9
"170","hsa-miR-1255b-2-3p",0
"171","hsa-miR-1255b-5p",1
"172","hsa-miR-1256",0
"173","hsa-miR-1257",0
"174","hsa-miR-1258",0
"175","hsa-miR-125a-3p",57
"176","hsa-miR-125a-5p",6227
"177","hsa-miR-125b-1-3p",1587
"178","hsa-miR-125b-2-3p",72
"179","hsa-miR-125b-5p",3198.5
"180","hsa-miR-126-3p",46
"181","hsa-miR-126-5p",254
"182","hsa-miR-1260a",2
"183","hsa-miR-1260b",0
"184","hsa-miR-1261",0
"185","hsa-miR-1262",6
"186","hsa-miR-1263",0
"187","hsa-miR-1264",0
"188","hsa-miR-1265",0
"189","hsa-miR-1266-3p",0
"190","hsa-miR-1266-5p",1
"191","hsa-miR-1267",0
"192","hsa-miR-1268a",0
"193","hsa-miR-1268b",0
"194","hsa-miR-1269a",0
"195","hsa-miR-1269b",0
"196","hsa-miR-127-3p",671
"197","hsa-miR-127-5p",2
"198","hsa-miR-1270",13
"199","hsa-miR-1271-3p",0
"200","hsa-miR-1271-5p",72
"201","hsa-miR-1272",0
"202","hsa-miR-1273c",1
"203","hsa-miR-1273h-3p",0
"204","hsa-miR-1273h-5p",0
"205","hsa-miR-1275",0
"206","hsa-miR-1276",5
"207","hsa-miR-1277-3p",1
"208","hsa-miR-1277-5p",7
"209","hsa-miR-1278",0
"210","hsa-miR-1279",0
"211","hsa-miR-128-1-5p",37
"212","hsa-miR-128-2-5p",0
"213","hsa-miR-128-3p",471
"214","hsa-miR-1281",0
"215","hsa-miR-1282",0
"216","hsa-miR-1283",0
"217","hsa-miR-1284",1
"218","hsa-miR-1285-3p",61
"219","hsa-miR-1285-5p",4
"220","hsa-miR-1286",3
"221","hsa-miR-1287-3p",0
"222","hsa-miR-1287-5p",5
"223","hsa-miR-1288-3p",0
"224","hsa-miR-1288-5p",0
"225","hsa-miR-1289",0
"226","hsa-miR-129-1-3p",0
"227","hsa-miR-129-2-3p",0
"228","hsa-miR-129-5p",7
"229","hsa-miR-1290",0
"230","hsa-miR-1291",1
"231","hsa-miR-1292-3p",0
"232","hsa-miR-1292-5p",0
"233","hsa-miR-1293",20
"234","hsa-miR-1294",2
"235","hsa-miR-1295a",1
"236","hsa-miR-1295b-3p",0
"237","hsa-miR-1295b-5p",0
"238","hsa-miR-1296-3p",1
"239","hsa-miR-1296-5p",36
"240","hsa-miR-1297",0
"241","hsa-miR-1298-3p",0
"242","hsa-miR-1298-5p",0
"243","hsa-miR-1299",29
"244","hsa-miR-1301-3p",26
"245","hsa-miR-1301-5p",0
"246","hsa-miR-1302",0
"247","hsa-miR-1303",9
"248","hsa-miR-1304-3p",127
"249","hsa-miR-1304-5p",1
"250","hsa-miR-1305",10
"251","hsa-miR-1306-3p",4
"252","hsa-miR-1306-5p",1
"253","hsa-miR-1307-3p",158
"254","hsa-miR-1307-5p",233
"255","hsa-miR-130a-3p",2643
"256","hsa-miR-130a-5p",1
"257","hsa-miR-130b-3p",757
"258","hsa-miR-130b-5p",343
"259","hsa-miR-132-3p",67
"260","hsa-miR-132-5p",20
"261","hsa-miR-1321",0
"262","hsa-miR-1322",0
"263","hsa-miR-1323",0
"264","hsa-miR-1324",0
"265","hsa-miR-133a-3p",1
"266","hsa-miR-133a-5p",0
"267","hsa-miR-133b",0
"268","hsa-miR-134-3p",0
"269","hsa-miR-134-5p",4
"270","hsa-miR-1343-3p",3
"271","hsa-miR-1343-5p",0
"272","hsa-miR-135a-2-3p",0
"273","hsa-miR-135a-3p",0
"274","hsa-miR-135a-5p",0
"275","hsa-miR-135b-3p",24
"276","hsa-miR-135b-5p",139
"277","hsa-miR-136-3p",37
"278","hsa-miR-136-5p",3
"279","hsa-miR-137-3p",5
"280","hsa-miR-137-5p",0
"281","hsa-miR-138-1-3p",481
"282","hsa-miR-138-2-3p",0
"283","hsa-miR-138-5p",2066
"284","hsa-miR-139-3p",0
"285","hsa-miR-139-5p",0
"286","hsa-miR-140-3p",147
"287","hsa-miR-140-5p",4
"288","hsa-miR-141-3p",4560
"289","hsa-miR-141-5p",590
"290","hsa-miR-142-3p",1
"291","hsa-miR-142-5p",4
"292","hsa-miR-143-3p",4
"293","hsa-miR-143-5p",0
"294","hsa-miR-144-3p",0
"295","hsa-miR-144-5p",0
"296","hsa-miR-145-3p",0
"297","hsa-miR-145-5p",0
"298","hsa-miR-1468-3p",0
"299","hsa-miR-1468-5p",7
"300","hsa-miR-1469",0
"301","hsa-miR-146a-3p",5
"302","hsa-miR-146a-5p",387
"303","hsa-miR-146b-3p",6
"304","hsa-miR-146b-5p",166
"305","hsa-miR-1470",0
"306","hsa-miR-1471",0
"307","hsa-miR-147a",0
"308","hsa-miR-147b-3p",1
"309","hsa-miR-147b-5p",0
"310","hsa-miR-148a-3p",9844
"311","hsa-miR-148a-5p",354
"312","hsa-miR-148b-3p",1080
"313","hsa-miR-148b-5p",127
"314","hsa-miR-149-3p",0
"315","hsa-miR-149-5p",362
"316","hsa-miR-150-3p",0
"317","hsa-miR-150-5p",1
"318","hsa-miR-151a-3p",4971
"319","hsa-miR-151a-5p",6212
"320","hsa-miR-151b",3141.5
"321","hsa-miR-152-3p",81
"322","hsa-miR-152-5p",32
"323","hsa-miR-153-3p",0
"324","hsa-miR-153-5p",0
"325","hsa-miR-1537-3p",2
"326","hsa-miR-1537-5p",0
"327","hsa-miR-1538",1
"328","hsa-miR-1539",0
"329","hsa-miR-154-3p",0
"330","hsa-miR-154-5p",1
"331","hsa-miR-155-3p",1
"332","hsa-miR-155-5p",898
"333","hsa-miR-1587",0
"334","hsa-miR-15a-3p",0
"335","hsa-miR-15a-5p",212
"336","hsa-miR-15b-3p",13
"337","hsa-miR-15b-5p",352
"338","hsa-miR-16-1-3p",0
"339","hsa-miR-16-2-3p",163
"340","hsa-miR-16-5p",10618.5
"341","hsa-miR-17-3p",158
"342","hsa-miR-17-5p",745
"343","hsa-miR-181a-2-3p",800
"344","hsa-miR-181a-3p",595
"345","hsa-miR-181a-5p",12719
"346","hsa-miR-181b-2-3p",2
"347","hsa-miR-181b-3p",9
"348","hsa-miR-181b-5p",4227
"349","hsa-miR-181c-3p",91
"350","hsa-miR-181c-5p",224
"351","hsa-miR-181d-3p",0
"352","hsa-miR-181d-5p",104
"353","hsa-miR-182-3p",7
"354","hsa-miR-182-5p",21249
"355","hsa-miR-1825",0
"356","hsa-miR-1827",0
"357","hsa-miR-183-3p",51
"358","hsa-miR-183-5p",3642
"359","hsa-miR-184",0
"360","hsa-miR-1843",7
"361","hsa-miR-185-3p",7
"362","hsa-miR-185-5p",5
"363","hsa-miR-186-3p",1
"364","hsa-miR-186-5p",2634
"365","hsa-miR-187-3p",2
"366","hsa-miR-187-5p",0
"367","hsa-miR-188-3p",3
"368","hsa-miR-188-5p",10
"369","hsa-miR-18a-3p",95
"370","hsa-miR-18a-5p",110
"371","hsa-miR-18b-3p",0
"372","hsa-miR-18b-5p",3
"373","hsa-miR-1908-3p",0
"374","hsa-miR-1908-5p",0
"375","hsa-miR-1909-3p",0
"376","hsa-miR-1909-5p",0
"377","hsa-miR-190a-3p",0
"378","hsa-miR-190a-5p",8
"379","hsa-miR-190b-3p",0
"380","hsa-miR-190b-5p",1
"381","hsa-miR-191-3p",44
"382","hsa-miR-191-5p",27285
"383","hsa-miR-1910-3p",4
"384","hsa-miR-1910-5p",141
"385","hsa-miR-1911-3p",0
"386","hsa-miR-1911-5p",0
"387","hsa-miR-1912-3p",0
"388","hsa-miR-1912-5p",0
"389","hsa-miR-1913",0
"390","hsa-miR-1914-3p",0
"391","hsa-miR-1914-5p",0
"392","hsa-miR-1915-3p",0
"393","hsa-miR-1915-5p",0
"394","hsa-miR-192-3p",0
"395","hsa-miR-192-5p",1609
"396","hsa-miR-193a-3p",116
"397","hsa-miR-193a-5p",8
"398","hsa-miR-193b-3p",167
"399","hsa-miR-193b-5p",10
"400","hsa-miR-194-3p",1
"401","hsa-miR-194-5p",38.5
"402","hsa-miR-195-3p",1
"403","hsa-miR-195-5p",10
"404","hsa-miR-196a-1-3p",0
"405","hsa-miR-196a-3p",25
"406","hsa-miR-196a-5p",478.5
"407","hsa-miR-196b-3p",0
"408","hsa-miR-196b-5p",218
"409","hsa-miR-197-3p",15
"410","hsa-miR-197-5p",0
"411","hsa-miR-1972",2
"412","hsa-miR-1973",0
"413","hsa-miR-1976",0
"414","hsa-miR-198",0
"415","hsa-miR-199a-3p",6
"416","hsa-miR-199a-5p",0
"417","hsa-miR-199b-3p",6
"418","hsa-miR-199b-5p",16
"419","hsa-miR-19a-3p",181
"420","hsa-miR-19a-5p",5
"421","hsa-miR-19b-1-5p",2
"422","hsa-miR-19b-2-5p",0
"423","hsa-miR-19b-3p",430.5
"424","hsa-miR-200a-3p",419
"425","hsa-miR-200a-5p",80
"426","hsa-miR-200b-3p",5788
"427","hsa-miR-200b-5p",40
"428","hsa-miR-200c-3p",732
"429","hsa-miR-200c-5p",9
"430","hsa-miR-202-3p",0
"431","hsa-miR-202-5p",0
"432","hsa-miR-203a-3p",929
"433","hsa-miR-203a-5p",2
"434","hsa-miR-203b-3p",4
"435","hsa-miR-203b-5p",0
"436","hsa-miR-204-3p",0
"437","hsa-miR-204-5p",2
"438","hsa-miR-205-3p",52
"439","hsa-miR-205-5p",61736
"440","hsa-miR-2052",0
"441","hsa-miR-2053",0
"442","hsa-miR-2054",0
"443","hsa-miR-206",0
"444","hsa-miR-208a-3p",0
"445","hsa-miR-208a-5p",0
"446","hsa-miR-208b-3p",0
"447","hsa-miR-208b-5p",0
"448","hsa-miR-20a-3p",12
"449","hsa-miR-20a-5p",451
"450","hsa-miR-20b-3p",2
"451","hsa-miR-20b-5p",24
"452","hsa-miR-21-3p",4496
"453","hsa-miR-21-5p",62652
"454","hsa-miR-210-3p",100
"455","hsa-miR-210-5p",1
"456","hsa-miR-211-3p",1
"457","hsa-miR-211-5p",294
"458","hsa-miR-2110",8
"459","hsa-miR-2113",0
"460","hsa-miR-2114-3p",0
"461","hsa-miR-2114-5p",0
"462","hsa-miR-2115-3p",0
"463","hsa-miR-2115-5p",0
"464","hsa-miR-2116-3p",6
"465","hsa-miR-2116-5p",3
"466","hsa-miR-2117",0
"467","hsa-miR-212-3p",17
"468","hsa-miR-212-5p",17
"469","hsa-miR-214-3p",0
"470","hsa-miR-214-5p",0
"471","hsa-miR-215-3p",0
"472","hsa-miR-215-5p",13
"473","hsa-miR-216a-3p",0
"474","hsa-miR-216a-5p",0
"475","hsa-miR-216b-3p",0
"476","hsa-miR-216b-5p",0
"477","hsa-miR-217-3p",0
"478","hsa-miR-217-5p",0
"479","hsa-miR-218-1-3p",1
"480","hsa-miR-218-2-3p",0
"481","hsa-miR-218-5p",150
"482","hsa-miR-219a-1-3p",19
"483","hsa-miR-219a-2-3p",0
"484","hsa-miR-219a-5p",0.5
"485","hsa-miR-219b-3p",1
"486","hsa-miR-219b-5p",0
"487","hsa-miR-22-3p",77992
"488","hsa-miR-22-5p",17
"489","hsa-miR-221-3p",5199
"490","hsa-miR-221-5p",1290
"491","hsa-miR-222-3p",21929
"492","hsa-miR-222-5p",199
"493","hsa-miR-223-3p",0
"494","hsa-miR-223-5p",0
"495","hsa-miR-224-3p",2
"496","hsa-miR-224-5p",638
"497","hsa-miR-2276-3p",1
"498","hsa-miR-2276-5p",0
"499","hsa-miR-2277-3p",0
"500","hsa-miR-2277-5p",4
"501","hsa-miR-2278",0
"502","hsa-miR-2355-3p",4
"503","hsa-miR-2355-5p",37
"504","hsa-miR-2392",0
"505","hsa-miR-23a-3p",2894
"506","hsa-miR-23a-5p",1
"507","hsa-miR-23b-3p",612
"508","hsa-miR-23b-5p",2
"509","hsa-miR-23c",0
"510","hsa-miR-24-1-5p",0
"511","hsa-miR-24-2-5p",311
"512","hsa-miR-24-3p",765.5
"513","hsa-miR-2467-3p",0
"514","hsa-miR-2467-5p",14
"515","hsa-miR-25-3p",2148
"516","hsa-miR-25-5p",88
"517","hsa-miR-2681-3p",0
"518","hsa-miR-2681-5p",0
"519","hsa-miR-2682-3p",0
"520","hsa-miR-2682-5p",2
"521","hsa-miR-26a-1-3p",11
"522","hsa-miR-26a-2-3p",8
"523","hsa-miR-26a-5p",32921
"524","hsa-miR-26b-3p",75
"525","hsa-miR-26b-5p",1584
"526","hsa-miR-27a-3p",13612
"527","hsa-miR-27a-5p",362
"528","hsa-miR-27b-3p",19636
"529","hsa-miR-27b-5p",166
"530","hsa-miR-28-3p",3694
"531","hsa-miR-28-5p",473
"532","hsa-miR-2861",0
"533","hsa-miR-2909",0
"534","hsa-miR-296-3p",21
"535","hsa-miR-296-5p",2
"536","hsa-miR-297",0
"537","hsa-miR-298",0
"538","hsa-miR-299-3p",7
"539","hsa-miR-299-5p",1
"540","hsa-miR-29a-3p",7055
"541","hsa-miR-29a-5p",55
"542","hsa-miR-29b-1-5p",51
"543","hsa-miR-29b-2-5p",3
"544","hsa-miR-29b-3p",564
"545","hsa-miR-29c-3p",109
"546","hsa-miR-29c-5p",8
"547","hsa-miR-300",0
"548","hsa-miR-301a-3p",365
"549","hsa-miR-301a-5p",5
"550","hsa-miR-301b-3p",92
"551","hsa-miR-301b-5p",1
"552","hsa-miR-302a-3p",0
"553","hsa-miR-302a-5p",0
"554","hsa-miR-302b-3p",0
"555","hsa-miR-302b-5p",0
"556","hsa-miR-302c-3p",0
"557","hsa-miR-302c-5p",0
"558","hsa-miR-302d-3p",0
"559","hsa-miR-302d-5p",0
"560","hsa-miR-302e",0
"561","hsa-miR-302f",0
"562","hsa-miR-3059-3p",0
"563","hsa-miR-3059-5p",0
"564","hsa-miR-3064-3p",0
"565","hsa-miR-3064-5p",0
"566","hsa-miR-3065-3p",13
"567","hsa-miR-3065-5p",13
"568","hsa-miR-3074-3p",0
"569","hsa-miR-3074-5p",0
"570","hsa-miR-3085-3p",0
"571","hsa-miR-3085-5p",0
"572","hsa-miR-30a-3p",442
"573","hsa-miR-30a-5p",13180
"574","hsa-miR-30b-3p",9
"575","hsa-miR-30b-5p",818
"576","hsa-miR-30c-1-3p",60
"577","hsa-miR-30c-2-3p",91
"578","hsa-miR-30c-5p",2392
"579","hsa-miR-30d-3p",122
"580","hsa-miR-30d-5p",7109
"581","hsa-miR-30e-3p",236
"582","hsa-miR-30e-5p",5130
"583","hsa-miR-31-3p",20
"584","hsa-miR-31-5p",14670
"585","hsa-miR-3115",0
"586","hsa-miR-3116",2
"587","hsa-miR-3117-3p",1
"588","hsa-miR-3117-5p",0
"589","hsa-miR-3118",0
"590","hsa-miR-3119",0
"591","hsa-miR-3120-3p",0
"592","hsa-miR-3120-5p",0
"593","hsa-miR-3121-3p",0
"594","hsa-miR-3121-5p",0
"595","hsa-miR-3122",0
"596","hsa-miR-3123",0
"597","hsa-miR-3124-3p",0
"598","hsa-miR-3124-5p",0
"599","hsa-miR-3125",0
"600","hsa-miR-3126-3p",0
"601","hsa-miR-3126-5p",6
"602","hsa-miR-3127-3p",0
"603","hsa-miR-3127-5p",1
"604","hsa-miR-3128",0
"605","hsa-miR-3129-3p",3
"606","hsa-miR-3129-5p",3
"607","hsa-miR-3130-3p",0
"608","hsa-miR-3130-5p",4
"609","hsa-miR-3131",0
"610","hsa-miR-3132",0
"611","hsa-miR-3133",1
"612","hsa-miR-3134",0
"613","hsa-miR-3135a",0
"614","hsa-miR-3135b",0
"615","hsa-miR-3136-3p",0
"616","hsa-miR-3136-5p",1
"617","hsa-miR-3137",0
"618","hsa-miR-3138",2
"619","hsa-miR-3139",0
"620","hsa-miR-3140-3p",1
"621","hsa-miR-3140-5p",0
"622","hsa-miR-3141",0
"623","hsa-miR-3142",0
"624","hsa-miR-3143",3
"625","hsa-miR-3144-3p",0
"626","hsa-miR-3144-5p",0
"627","hsa-miR-3145-3p",0
"628","hsa-miR-3145-5p",0
"629","hsa-miR-3146",1
"630","hsa-miR-3147",0
"631","hsa-miR-3148",0
"632","hsa-miR-3149",0
"633","hsa-miR-3150a-3p",0
"634","hsa-miR-3150a-5p",1
"635","hsa-miR-3150b-3p",0
"636","hsa-miR-3150b-5p",0
"637","hsa-miR-3151-3p",0
"638","hsa-miR-3151-5p",0
"639","hsa-miR-3152-3p",0
"640","hsa-miR-3152-5p",0
"641","hsa-miR-3153",0
"642","hsa-miR-3154",0
"643","hsa-miR-3155a",1
"644","hsa-miR-3155b",0.5
"645","hsa-miR-3156-3p",0
"646","hsa-miR-3156-5p",0
"647","hsa-miR-3157-3p",2
"648","hsa-miR-3157-5p",0
"649","hsa-miR-3158-3p",9
"650","hsa-miR-3158-5p",0
"651","hsa-miR-3159",2
"652","hsa-miR-3160-3p",0
"653","hsa-miR-3160-5p",0
"654","hsa-miR-3161",0
"655","hsa-miR-3162-3p",0
"656","hsa-miR-3162-5p",0
"657","hsa-miR-3163",0
"658","hsa-miR-3164",0
"659","hsa-miR-3165",0
"660","hsa-miR-3166",3
"661","hsa-miR-3167",0
"662","hsa-miR-3168",0
"663","hsa-miR-3169",0
"664","hsa-miR-3170",0
"665","hsa-miR-3171",0
"666","hsa-miR-3173-3p",1
"667","hsa-miR-3173-5p",3
"668","hsa-miR-3174",0
"669","hsa-miR-3175",0
"670","hsa-miR-3176",39
"671","hsa-miR-3177-3p",0
"672","hsa-miR-3177-5p",0
"673","hsa-miR-3178",0
"674","hsa-miR-3179",0
"675","hsa-miR-3180",3
"676","hsa-miR-3180-3p",3
"677","hsa-miR-3180-5p",1
"678","hsa-miR-3181",1
"679","hsa-miR-3182",0
"680","hsa-miR-3183",0
"681","hsa-miR-3184-3p",0
"682","hsa-miR-3184-5p",0
"683","hsa-miR-3185",0
"684","hsa-miR-3186-3p",0
"685","hsa-miR-3186-5p",0
"686","hsa-miR-3187-3p",1
"687","hsa-miR-3187-5p",1
"688","hsa-miR-3188",0
"689","hsa-miR-3189-3p",0
"690","hsa-miR-3189-5p",0
"691","hsa-miR-3190-3p",0
"692","hsa-miR-3190-5p",0
"693","hsa-miR-3191-3p",0
"694","hsa-miR-3191-5p",0
"695","hsa-miR-3192-3p",0
"696","hsa-miR-3192-5p",0
"697","hsa-miR-3193",0
"698","hsa-miR-3194-3p",0
"699","hsa-miR-3194-5p",0
"700","hsa-miR-3195",0
"701","hsa-miR-3196",0
"702","hsa-miR-3197",0
"703","hsa-miR-3198",0
"704","hsa-miR-3199",0
"705","hsa-miR-32-3p",8
"706","hsa-miR-32-5p",7
"707","hsa-miR-3200-3p",4
"708","hsa-miR-3200-5p",0
"709","hsa-miR-3201",0
"710","hsa-miR-3202",0
"711","hsa-miR-320a-3p",1514
"712","hsa-miR-320a-5p",0
"713","hsa-miR-320b",205
"714","hsa-miR-320c",9
"715","hsa-miR-320d",2.5
"716","hsa-miR-320e",0
"717","hsa-miR-323a-3p",3
"718","hsa-miR-323a-5p",0
"719","hsa-miR-323b-3p",1
"720","hsa-miR-323b-5p",0
"721","hsa-miR-324-3p",23
"722","hsa-miR-324-5p",19
"723","hsa-miR-325",0
"724","hsa-miR-326",2
"725","hsa-miR-328-3p",6
"726","hsa-miR-328-5p",0
"727","hsa-miR-329-3p",3
"728","hsa-miR-329-5p",0
"729","hsa-miR-330-3p",38
"730","hsa-miR-330-5p",50
"731","hsa-miR-331-3p",66
"732","hsa-miR-331-5p",47
"733","hsa-miR-335-3p",1146
"734","hsa-miR-335-5p",291
"735","hsa-miR-337-3p",0
"736","hsa-miR-337-5p",0
"737","hsa-miR-338-3p",8
"738","hsa-miR-338-5p",1
"739","hsa-miR-339-3p",164
"740","hsa-miR-339-5p",51
"741","hsa-miR-33a-3p",5
"742","hsa-miR-33a-5p",23
"743","hsa-miR-33b-3p",46
"744","hsa-miR-33b-5p",6
"745","hsa-miR-340-3p",39
"746","hsa-miR-340-5p",244
"747","hsa-miR-342-3p",158
"748","hsa-miR-342-5p",6
"749","hsa-miR-345-3p",0
"750","hsa-miR-345-5p",416
"751","hsa-miR-346",0
"752","hsa-miR-34a-3p",0
"753","hsa-miR-34a-5p",10
"754","hsa-miR-34b-3p",4
"755","hsa-miR-34b-5p",9
"756","hsa-miR-34c-3p",8
"757","hsa-miR-34c-5p",168
"758","hsa-miR-3529-3p",0
"759","hsa-miR-3529-5p",0
"760","hsa-miR-3605-3p",37
"761","hsa-miR-3605-5p",20
"762","hsa-miR-3606-3p",0
"763","hsa-miR-3606-5p",0
"764","hsa-miR-3609",1
"765","hsa-miR-361-3p",66
"766","hsa-miR-361-5p",287
"767","hsa-miR-3610",0
"768","hsa-miR-3611",0
"769","hsa-miR-3612",0
"770","hsa-miR-3613-3p",2
"771","hsa-miR-3613-5p",0
"772","hsa-miR-3614-3p",0
"773","hsa-miR-3614-5p",12
"774","hsa-miR-3615",14
"775","hsa-miR-3616-3p",0
"776","hsa-miR-3616-5p",0
"777","hsa-miR-3617-3p",0
"778","hsa-miR-3617-5p",0
"779","hsa-miR-3618",0
"780","hsa-miR-3619-3p",0
"781","hsa-miR-3619-5p",0
"782","hsa-miR-362-3p",0
"783","hsa-miR-362-5p",61
"784","hsa-miR-3620-3p",0
"785","hsa-miR-3620-5p",1
"786","hsa-miR-3621",0
"787","hsa-miR-3622a-3p",0
"788","hsa-miR-3622a-5p",0
"789","hsa-miR-3622b-3p",0
"790","hsa-miR-3622b-5p",0
"791","hsa-miR-363-3p",425
"792","hsa-miR-363-5p",0
"793","hsa-miR-3646",0
"794","hsa-miR-3648",0
"795","hsa-miR-3649",0
"796","hsa-miR-3650",0
"797","hsa-miR-3651",0
"798","hsa-miR-3652",0
"799","hsa-miR-3654",0
"800","hsa-miR-3655",0
"801","hsa-miR-3657",0
"802","hsa-miR-3658",0
"803","hsa-miR-3659",0
"804","hsa-miR-365a-3p",166
"805","hsa-miR-365a-5p",0
"806","hsa-miR-365b-3p",166
"807","hsa-miR-365b-5p",32
"808","hsa-miR-3660",0
"809","hsa-miR-3661",7
"810","hsa-miR-3662",4
"811","hsa-miR-3663-3p",0
"812","hsa-miR-3663-5p",0
"813","hsa-miR-3664-3p",2
"814","hsa-miR-3664-5p",0
"815","hsa-miR-3665",0
"816","hsa-miR-3666",0
"817","hsa-miR-3667-3p",0
"818","hsa-miR-3667-5p",0
"819","hsa-miR-3668",0
"820","hsa-miR-367-3p",0
"821","hsa-miR-367-5p",0
"822","hsa-miR-3670",0
"823","hsa-miR-3671",0
"824","hsa-miR-3672",0
"825","hsa-miR-3674",0
"826","hsa-miR-3675-3p",0
"827","hsa-miR-3675-5p",1
"828","hsa-miR-3677-3p",4
"829","hsa-miR-3677-5p",0
"830","hsa-miR-3678-3p",0
"831","hsa-miR-3678-5p",0
"832","hsa-miR-3679-3p",0
"833","hsa-miR-3679-5p",0
"834","hsa-miR-3680-3p",0
"835","hsa-miR-3680-5p",0
"836","hsa-miR-3681-3p",0
"837","hsa-miR-3681-5p",0
"838","hsa-miR-3682-3p",0
"839","hsa-miR-3682-5p",0
"840","hsa-miR-3683",0
"841","hsa-miR-3684",1
"842","hsa-miR-3685",0
"843","hsa-miR-3686",0
"844","hsa-miR-3688-3p",2
"845","hsa-miR-3688-5p",0
"846","hsa-miR-3689a-3p",0
"847","hsa-miR-3689a-5p",0
"848","hsa-miR-3689b-3p",0
"849","hsa-miR-3689b-5p",0
"850","hsa-miR-3689c",0
"851","hsa-miR-3689d",0
"852","hsa-miR-3689e",0
"853","hsa-miR-3689f",0
"854","hsa-miR-369-3p",5
"855","hsa-miR-369-5p",3
"856","hsa-miR-3690",0
"857","hsa-miR-3691-3p",1
"858","hsa-miR-3691-5p",3
"859","hsa-miR-3692-3p",0
"860","hsa-miR-3692-5p",0
"861","hsa-miR-370-3p",6
"862","hsa-miR-370-5p",1
"863","hsa-miR-3713",0
"864","hsa-miR-3714",0
"865","hsa-miR-371a-3p",0
"866","hsa-miR-371a-5p",0
"867","hsa-miR-371b-3p",0
"868","hsa-miR-371b-5p",0
"869","hsa-miR-372-3p",0
"870","hsa-miR-372-5p",0
"871","hsa-miR-373-3p",0
"872","hsa-miR-373-5p",0
"873","hsa-miR-374a-3p",91
"874","hsa-miR-374a-5p",53
"875","hsa-miR-374b-3p",6
"876","hsa-miR-374b-5p",48
"877","hsa-miR-374c-3p",0
"878","hsa-miR-374c-5p",0
"879","hsa-miR-375-3p",51
"880","hsa-miR-375-5p",1
"881","hsa-miR-376a-2-5p",0
"882","hsa-miR-376a-3p",0
"883","hsa-miR-376a-5p",1
"884","hsa-miR-376b-3p",5
"885","hsa-miR-376b-5p",0
"886","hsa-miR-376c-3p",3
"887","hsa-miR-376c-5p",0
"888","hsa-miR-377-3p",1
"889","hsa-miR-377-5p",3
"890","hsa-miR-378a-3p",3409
"891","hsa-miR-378a-5p",11
"892","hsa-miR-378b",0
"893","hsa-miR-378c",27
"894","hsa-miR-378d",1
"895","hsa-miR-378e",0
"896","hsa-miR-378f",1
"897","hsa-miR-378g",1
"898","hsa-miR-378h",0
"899","hsa-miR-378i",16
"900","hsa-miR-378j",0
"901","hsa-miR-379-3p",4
"902","hsa-miR-379-5p",0
"903","hsa-miR-380-3p",0
"904","hsa-miR-380-5p",0
"905","hsa-miR-381-3p",61
"906","hsa-miR-381-5p",0
"907","hsa-miR-382-3p",0
"908","hsa-miR-382-5p",5
"909","hsa-miR-383-3p",0
"910","hsa-miR-383-5p",0
"911","hsa-miR-384",0
"912","hsa-miR-3907",0
"913","hsa-miR-3908",0
"914","hsa-miR-3909",8
"915","hsa-miR-3910",0
"916","hsa-miR-3911",0
"917","hsa-miR-3912-3p",5
"918","hsa-miR-3912-5p",0
"919","hsa-miR-3913-3p",1
"920","hsa-miR-3913-5p",2
"921","hsa-miR-3914",0
"922","hsa-miR-3915",0
"923","hsa-miR-3916",0
"924","hsa-miR-3917",0
"925","hsa-miR-3918",1
"926","hsa-miR-3919",0
"927","hsa-miR-3920",0
"928","hsa-miR-3921",0
"929","hsa-miR-3922-3p",0
"930","hsa-miR-3922-5p",0
"931","hsa-miR-3923",0
"932","hsa-miR-3924",0
"933","hsa-miR-3925-3p",0
"934","hsa-miR-3925-5p",0
"935","hsa-miR-3926",0
"936","hsa-miR-3927-3p",1
"937","hsa-miR-3927-5p",0
"938","hsa-miR-3928-3p",0
"939","hsa-miR-3928-5p",0
"940","hsa-miR-3929",19
"941","hsa-miR-3934-3p",0
"942","hsa-miR-3934-5p",6
"943","hsa-miR-3935",16
"944","hsa-miR-3936",2
"945","hsa-miR-3937",0
"946","hsa-miR-3938",1
"947","hsa-miR-3939",1
"948","hsa-miR-3940-3p",1
"949","hsa-miR-3940-5p",3
"950","hsa-miR-3941",0
"951","hsa-miR-3942-3p",1
"952","hsa-miR-3942-5p",1
"953","hsa-miR-3943",0
"954","hsa-miR-3944-3p",1
"955","hsa-miR-3944-5p",0
"956","hsa-miR-3945",0
"957","hsa-miR-3960",0
"958","hsa-miR-3972",0
"959","hsa-miR-3973",0
"960","hsa-miR-3974",0
"961","hsa-miR-3975",0
"962","hsa-miR-3976",0
"963","hsa-miR-3977",0
"964","hsa-miR-3978",0
"965","hsa-miR-409-3p",69
"966","hsa-miR-409-5p",3
"967","hsa-miR-410-3p",34
"968","hsa-miR-410-5p",0
"969","hsa-miR-411-3p",2
"970","hsa-miR-411-5p",78
"971","hsa-miR-412-3p",0
"972","hsa-miR-412-5p",0
"973","hsa-miR-421",222
"974","hsa-miR-422a",0
"975","hsa-miR-423-3p",2934
"976","hsa-miR-423-5p",3679
"977","hsa-miR-424-3p",409
"978","hsa-miR-424-5p",411
"979","hsa-miR-425-3p",46
"980","hsa-miR-425-5p",852
"981","hsa-miR-4251",0
"982","hsa-miR-4252",0
"983","hsa-miR-4253",0
"984","hsa-miR-4254",0
"985","hsa-miR-4255",0
"986","hsa-miR-4256",0
"987","hsa-miR-4257",0
"988","hsa-miR-4258",0
"989","hsa-miR-4259",0
"990","hsa-miR-4260",0
"991","hsa-miR-4261",0
"992","hsa-miR-4262",0
"993","hsa-miR-4263",0
"994","hsa-miR-4264",0
"995","hsa-miR-4265",0
"996","hsa-miR-4266",0
"997","hsa-miR-4267",0
"998","hsa-miR-4268",0
"999","hsa-miR-4269",0
"1000","hsa-miR-4270",0
"1001","hsa-miR-4271",0
"1002","hsa-miR-4272",0
"1003","hsa-miR-4273",0
"1004","hsa-miR-4274",0
"1005","hsa-miR-4275",0
"1006","hsa-miR-4276",0
"1007","hsa-miR-4277",0
"1008","hsa-miR-4278",0
"1009","hsa-miR-4279",0
"1010","hsa-miR-4280",0
"1011","hsa-miR-4281",0
"1012","hsa-miR-4282",0
"1013","hsa-miR-4283",0
"1014","hsa-miR-4284",0
"1015","hsa-miR-4285",0
"1016","hsa-miR-4286",0
"1017","hsa-miR-4287",0
"1018","hsa-miR-4288",0
"1019","hsa-miR-4289",0
"1020","hsa-miR-429",397
"1021","hsa-miR-4290",0
"1022","hsa-miR-4291",0
"1023","hsa-miR-4292",0
"1024","hsa-miR-4293",0
"1025","hsa-miR-4294",0
"1026","hsa-miR-4295",0
"1027","hsa-miR-4296",0
"1028","hsa-miR-4297",0
"1029","hsa-miR-4298",0
"1030","hsa-miR-4299",0
"1031","hsa-miR-4300",0
"1032","hsa-miR-4301",0
"1033","hsa-miR-4302",0
"1034","hsa-miR-4303",0
"1035","hsa-miR-4304",0
"1036","hsa-miR-4305",0
"1037","hsa-miR-4306",0
"1038","hsa-miR-4307",0
"1039","hsa-miR-4308",0
"1040","hsa-miR-4309",0
"1041","hsa-miR-431-3p",0
"1042","hsa-miR-431-5p",14
"1043","hsa-miR-4310",0
"1044","hsa-miR-4311",0
"1045","hsa-miR-4312",0
"1046","hsa-miR-4313",0
"1047","hsa-miR-4314",0
"1048","hsa-miR-4315",0
"1049","hsa-miR-4316",0
"1050","hsa-miR-4317",0
"1051","hsa-miR-4318",0
"1052","hsa-miR-4319",0
"1053","hsa-miR-432-3p",0
"1054","hsa-miR-432-5p",4
"1055","hsa-miR-4320",0
"1056","hsa-miR-4321",0
"1057","hsa-miR-4322",0
"1058","hsa-miR-4323",0
"1059","hsa-miR-4324",0
"1060","hsa-miR-4325",0
"1061","hsa-miR-4326",27
"1062","hsa-miR-4327",0
"1063","hsa-miR-4328",0
"1064","hsa-miR-4329",0
"1065","hsa-miR-433-3p",2
"1066","hsa-miR-433-5p",1
"1067","hsa-miR-4330",0
"1068","hsa-miR-4418",0
"1069","hsa-miR-4420",0
"1070","hsa-miR-4421",0
"1071","hsa-miR-4422",0
"1072","hsa-miR-4423-3p",0
"1073","hsa-miR-4423-5p",0
"1074","hsa-miR-4424",0
"1075","hsa-miR-4425",0
"1076","hsa-miR-4426",0
"1077","hsa-miR-4427",0
"1078","hsa-miR-4428",0
"1079","hsa-miR-4429",0
"1080","hsa-miR-4430",0
"1081","hsa-miR-4431",1
"1082","hsa-miR-4432",0
"1083","hsa-miR-4433a-3p",0
"1084","hsa-miR-4433a-5p",0
"1085","hsa-miR-4433b-3p",0
"1086","hsa-miR-4433b-5p",0
"1087","hsa-miR-4434",0
"1088","hsa-miR-4435",6
"1089","hsa-miR-4436a",0
"1090","hsa-miR-4436b-3p",0
"1091","hsa-miR-4436b-5p",0
"1092","hsa-miR-4437",0
"1093","hsa-miR-4438",0
"1094","hsa-miR-4439",0
"1095","hsa-miR-4440",0
"1096","hsa-miR-4441",0
"1097","hsa-miR-4442",0
"1098","hsa-miR-4443",0
"1099","hsa-miR-4444",0
"1100","hsa-miR-4445-3p",0
"1101","hsa-miR-4445-5p",0
"1102","hsa-miR-4446-3p",0
"1103","hsa-miR-4446-5p",0
"1104","hsa-miR-4447",0
"1105","hsa-miR-4448",2
"1106","hsa-miR-4449",0
"1107","hsa-miR-4450",0
"1108","hsa-miR-4451",0
"1109","hsa-miR-4452",0
"1110","hsa-miR-4453",0
"1111","hsa-miR-4454",1
"1112","hsa-miR-4455",0
"1113","hsa-miR-4456",0
"1114","hsa-miR-4457",0
"1115","hsa-miR-4458",0
"1116","hsa-miR-4460",0
"1117","hsa-miR-4462",0
"1118","hsa-miR-4463",0
"1119","hsa-miR-4464",0
"1120","hsa-miR-4465",0
"1121","hsa-miR-4466",2
"1122","hsa-miR-4467",0
"1123","hsa-miR-4468",0
"1124","hsa-miR-4469",0
"1125","hsa-miR-4470",0
"1126","hsa-miR-4471",0
"1127","hsa-miR-4472",0
"1128","hsa-miR-4473",0
"1129","hsa-miR-4474-3p",0
"1130","hsa-miR-4474-5p",0
"1131","hsa-miR-4475",0
"1132","hsa-miR-4476",0
"1133","hsa-miR-4477a",0
"1134","hsa-miR-4477b",1
"1135","hsa-miR-4478",0
"1136","hsa-miR-4479",1
"1137","hsa-miR-448",0
"1138","hsa-miR-4480",0
"1139","hsa-miR-4481",0
"1140","hsa-miR-4482-3p",0
"1141","hsa-miR-4482-5p",0
"1142","hsa-miR-4483",0
"1143","hsa-miR-4484",0
"1144","hsa-miR-4485-3p",3
"1145","hsa-miR-4485-5p",0
"1146","hsa-miR-4486",0
"1147","hsa-miR-4487",0
"1148","hsa-miR-4488",0
"1149","hsa-miR-4489",1
"1150","hsa-miR-4490",0
"1151","hsa-miR-4491",0
"1152","hsa-miR-4492",0
"1153","hsa-miR-4493",0
"1154","hsa-miR-4494",0
"1155","hsa-miR-4495",0
"1156","hsa-miR-4496",0
"1157","hsa-miR-4497",0
"1158","hsa-miR-4498",0
"1159","hsa-miR-4499",0
"1160","hsa-miR-449a",2
"1161","hsa-miR-449b-3p",0
"1162","hsa-miR-449b-5p",1
"1163","hsa-miR-449c-3p",0
"1164","hsa-miR-449c-5p",1
"1165","hsa-miR-4500",0
"1166","hsa-miR-4501",0
"1167","hsa-miR-4502",0
"1168","hsa-miR-4503",0
"1169","hsa-miR-4504",0
"1170","hsa-miR-4505",0
"1171","hsa-miR-4506",0
"1172","hsa-miR-4507",0
"1173","hsa-miR-4508",0
"1174","hsa-miR-4509",0
"1175","hsa-miR-450a-1-3p",0
"1176","hsa-miR-450a-2-3p",2
"1177","hsa-miR-450a-5p",28
"1178","hsa-miR-450b-3p",0
"1179","hsa-miR-450b-5p",59
"1180","hsa-miR-4510",1
"1181","hsa-miR-4511",2
"1182","hsa-miR-4512",0
"1183","hsa-miR-4513",0
"1184","hsa-miR-4514",0
"1185","hsa-miR-4515",0
"1186","hsa-miR-4516",0
"1187","hsa-miR-4517",5
"1188","hsa-miR-4518",0
"1189","hsa-miR-4519",0
"1190","hsa-miR-451a",0
"1191","hsa-miR-451b",0
"1192","hsa-miR-452-3p",0
"1193","hsa-miR-452-5p",107
"1194","hsa-miR-4520-2-3p",0
"1195","hsa-miR-4520-3p",2
"1196","hsa-miR-4520-5p",0
"1197","hsa-miR-4521",39
"1198","hsa-miR-4522",0
"1199","hsa-miR-4523",0
"1200","hsa-miR-4524a-3p",0
"1201","hsa-miR-4524a-5p",0
"1202","hsa-miR-4524b-3p",0
"1203","hsa-miR-4524b-5p",0
"1204","hsa-miR-4525",0
"1205","hsa-miR-4526",0
"1206","hsa-miR-4527",0
"1207","hsa-miR-4528",0
"1208","hsa-miR-4529-3p",0
"1209","hsa-miR-4529-5p",0
"1210","hsa-miR-4530",0
"1211","hsa-miR-4531",0
"1212","hsa-miR-4533",0
"1213","hsa-miR-4534",0
"1214","hsa-miR-4535",0
"1215","hsa-miR-4536-3p",0
"1216","hsa-miR-4536-5p",0
"1217","hsa-miR-4537",0
"1218","hsa-miR-4538",0
"1219","hsa-miR-4539",0
"1220","hsa-miR-454-3p",125
"1221","hsa-miR-454-5p",69
"1222","hsa-miR-4540",0
"1223","hsa-miR-455-3p",20
"1224","hsa-miR-455-5p",72
"1225","hsa-miR-4632-3p",0
"1226","hsa-miR-4632-5p",0
"1227","hsa-miR-4633-3p",0
"1228","hsa-miR-4633-5p",0
"1229","hsa-miR-4634",0
"1230","hsa-miR-4635",0
"1231","hsa-miR-4636",0
"1232","hsa-miR-4637",0
"1233","hsa-miR-4638-3p",1
"1234","hsa-miR-4638-5p",0
"1235","hsa-miR-4639-3p",0
"1236","hsa-miR-4639-5p",0
"1237","hsa-miR-4640-3p",0
"1238","hsa-miR-4640-5p",0
"1239","hsa-miR-4641",0
"1240","hsa-miR-4642",0
"1241","hsa-miR-4643",0
"1242","hsa-miR-4644",0
"1243","hsa-miR-4645-3p",0
"1244","hsa-miR-4645-5p",0
"1245","hsa-miR-4646-3p",0
"1246","hsa-miR-4646-5p",0
"1247","hsa-miR-4647",1
"1248","hsa-miR-4648",0
"1249","hsa-miR-4649-3p",0
"1250","hsa-miR-4649-5p",0
"1251","hsa-miR-4650-3p",0
"1252","hsa-miR-4650-5p",0
"1253","hsa-miR-4651",0
"1254","hsa-miR-4652-3p",0
"1255","hsa-miR-4652-5p",0
"1256","hsa-miR-4653-3p",0
"1257","hsa-miR-4653-5p",0
"1258","hsa-miR-4654",0
"1259","hsa-miR-4655-3p",0
"1260","hsa-miR-4655-5p",0
"1261","hsa-miR-4656",0
"1262","hsa-miR-4657",0
"1263","hsa-miR-4658",0
"1264","hsa-miR-4659a-3p",1
"1265","hsa-miR-4659a-5p",0
"1266","hsa-miR-4659b-3p",0
"1267","hsa-miR-4659b-5p",0
"1268","hsa-miR-466",0
"1269","hsa-miR-4660",0
"1270","hsa-miR-4661-3p",0
"1271","hsa-miR-4661-5p",6
"1272","hsa-miR-4662a-3p",0
"1273","hsa-miR-4662a-5p",3
"1274","hsa-miR-4662b",0
"1275","hsa-miR-4663",0
"1276","hsa-miR-4664-3p",1
"1277","hsa-miR-4664-5p",0
"1278","hsa-miR-4665-3p",0
"1279","hsa-miR-4665-5p",0
"1280","hsa-miR-4666a-3p",0
"1281","hsa-miR-4666a-5p",1
"1282","hsa-miR-4666b",0
"1283","hsa-miR-4667-3p",0
"1284","hsa-miR-4667-5p",0
"1285","hsa-miR-4668-3p",0
"1286","hsa-miR-4668-5p",0
"1287","hsa-miR-4669",0
"1288","hsa-miR-4670-3p",0
"1289","hsa-miR-4670-5p",0
"1290","hsa-miR-4671-3p",4
"1291","hsa-miR-4671-5p",2
"1292","hsa-miR-4672",0
"1293","hsa-miR-4673",0
"1294","hsa-miR-4674",0
"1295","hsa-miR-4675",0
"1296","hsa-miR-4676-3p",0
"1297","hsa-miR-4676-5p",0
"1298","hsa-miR-4677-3p",30
"1299","hsa-miR-4677-5p",1
"1300","hsa-miR-4678",0
"1301","hsa-miR-4679",0
"1302","hsa-miR-4680-3p",0
"1303","hsa-miR-4680-5p",0
"1304","hsa-miR-4681",0
"1305","hsa-miR-4682",0
"1306","hsa-miR-4683",0
"1307","hsa-miR-4684-3p",0
"1308","hsa-miR-4684-5p",0
"1309","hsa-miR-4685-3p",0
"1310","hsa-miR-4685-5p",0
"1311","hsa-miR-4686",0
"1312","hsa-miR-4687-3p",0
"1313","hsa-miR-4687-5p",0
"1314","hsa-miR-4688",0
"1315","hsa-miR-4689",0
"1316","hsa-miR-4690-3p",1
"1317","hsa-miR-4690-5p",0
"1318","hsa-miR-4691-3p",0
"1319","hsa-miR-4691-5p",0
"1320","hsa-miR-4692",0
"1321","hsa-miR-4693-3p",0
"1322","hsa-miR-4693-5p",0
"1323","hsa-miR-4694-3p",0
"1324","hsa-miR-4694-5p",0
"1325","hsa-miR-4695-3p",0
"1326","hsa-miR-4695-5p",0
"1327","hsa-miR-4696",0
"1328","hsa-miR-4697-3p",0
"1329","hsa-miR-4697-5p",0
"1330","hsa-miR-4698",0
"1331","hsa-miR-4699-3p",0
"1332","hsa-miR-4699-5p",0
"1333","hsa-miR-4700-3p",0
"1334","hsa-miR-4700-5p",0
"1335","hsa-miR-4701-3p",0
"1336","hsa-miR-4701-5p",0
"1337","hsa-miR-4703-3p",0
"1338","hsa-miR-4703-5p",0
"1339","hsa-miR-4704-3p",0
"1340","hsa-miR-4704-5p",0
"1341","hsa-miR-4705",0
"1342","hsa-miR-4706",0
"1343","hsa-miR-4707-3p",0
"1344","hsa-miR-4707-5p",1
"1345","hsa-miR-4708-3p",0
"1346","hsa-miR-4708-5p",0
"1347","hsa-miR-4709-3p",1
"1348","hsa-miR-4709-5p",0
"1349","hsa-miR-4710",0
"1350","hsa-miR-4711-3p",0
"1351","hsa-miR-4711-5p",0
"1352","hsa-miR-4712-3p",0
"1353","hsa-miR-4712-5p",0
"1354","hsa-miR-4713-3p",0
"1355","hsa-miR-4713-5p",0
"1356","hsa-miR-4714-3p",0
"1357","hsa-miR-4714-5p",0
"1358","hsa-miR-4715-3p",0
"1359","hsa-miR-4715-5p",0
"1360","hsa-miR-4716-3p",0
"1361","hsa-miR-4716-5p",0
"1362","hsa-miR-4717-3p",0
"1363","hsa-miR-4717-5p",0
"1364","hsa-miR-4718",0
"1365","hsa-miR-4719",0
"1366","hsa-miR-4720-3p",0
"1367","hsa-miR-4720-5p",0
"1368","hsa-miR-4721",0
"1369","hsa-miR-4722-3p",0
"1370","hsa-miR-4722-5p",0
"1371","hsa-miR-4723-3p",0
"1372","hsa-miR-4723-5p",0
"1373","hsa-miR-4724-3p",0
"1374","hsa-miR-4724-5p",0
"1375","hsa-miR-4725-3p",0
"1376","hsa-miR-4725-5p",0
"1377","hsa-miR-4726-3p",0
"1378","hsa-miR-4726-5p",0
"1379","hsa-miR-4727-3p",0
"1380","hsa-miR-4727-5p",0
"1381","hsa-miR-4728-3p",0
"1382","hsa-miR-4728-5p",0
"1383","hsa-miR-4729",0
"1384","hsa-miR-4730",0
"1385","hsa-miR-4731-3p",0
"1386","hsa-miR-4731-5p",0
"1387","hsa-miR-4732-3p",0
"1388","hsa-miR-4732-5p",0
"1389","hsa-miR-4733-3p",0
"1390","hsa-miR-4733-5p",1
"1391","hsa-miR-4734",0
"1392","hsa-miR-4735-3p",0
"1393","hsa-miR-4735-5p",0
"1394","hsa-miR-4736",0
"1395","hsa-miR-4737",0
"1396","hsa-miR-4738-3p",1
"1397","hsa-miR-4738-5p",0
"1398","hsa-miR-4739",0
"1399","hsa-miR-4740-3p",0
"1400","hsa-miR-4740-5p",0
"1401","hsa-miR-4741",0
"1402","hsa-miR-4742-3p",0
"1403","hsa-miR-4742-5p",0
"1404","hsa-miR-4743-3p",0
"1405","hsa-miR-4743-5p",0
"1406","hsa-miR-4744",0
"1407","hsa-miR-4745-3p",0
"1408","hsa-miR-4745-5p",2
"1409","hsa-miR-4746-3p",0
"1410","hsa-miR-4746-5p",8
"1411","hsa-miR-4747-3p",0
"1412","hsa-miR-4747-5p",0
"1413","hsa-miR-4748",0
"1414","hsa-miR-4749-3p",0
"1415","hsa-miR-4749-5p",0
"1416","hsa-miR-4750-3p",0
"1417","hsa-miR-4750-5p",0
"1418","hsa-miR-4751",0
"1419","hsa-miR-4752",0
"1420","hsa-miR-4753-3p",0
"1421","hsa-miR-4753-5p",0
"1422","hsa-miR-4754",0
"1423","hsa-miR-4755-3p",0
"1424","hsa-miR-4755-5p",0
"1425","hsa-miR-4756-3p",0
"1426","hsa-miR-4756-5p",0
"1427","hsa-miR-4757-3p",1
"1428","hsa-miR-4757-5p",0
"1429","hsa-miR-4758-3p",0
"1430","hsa-miR-4758-5p",0
"1431","hsa-miR-4759",0
"1432","hsa-miR-4760-3p",0
"1433","hsa-miR-4760-5p",0
"1434","hsa-miR-4761-3p",1
"1435","hsa-miR-4761-5p",0
"1436","hsa-miR-4762-3p",0
"1437","hsa-miR-4762-5p",4
"1438","hsa-miR-4763-3p",0
"1439","hsa-miR-4763-5p",0
"1440","hsa-miR-4764-3p",0
"1441","hsa-miR-4764-5p",0
"1442","hsa-miR-4765",0
"1443","hsa-miR-4766-3p",0
"1444","hsa-miR-4766-5p",0
"1445","hsa-miR-4767",1
"1446","hsa-miR-4768-3p",0
"1447","hsa-miR-4768-5p",3
"1448","hsa-miR-4769-3p",0
"1449","hsa-miR-4769-5p",0
"1450","hsa-miR-4770",0
"1451","hsa-miR-4771",0
"1452","hsa-miR-4772-3p",0
"1453","hsa-miR-4772-5p",0
"1454","hsa-miR-4773",0
"1455","hsa-miR-4774-3p",0
"1456","hsa-miR-4774-5p",0
"1457","hsa-miR-4775",13
"1458","hsa-miR-4776-3p",0
"1459","hsa-miR-4776-5p",0
"1460","hsa-miR-4777-3p",0
"1461","hsa-miR-4777-5p",0
"1462","hsa-miR-4778-3p",0
"1463","hsa-miR-4778-5p",0
"1464","hsa-miR-4779",0
"1465","hsa-miR-4780",0
"1466","hsa-miR-4781-3p",1
"1467","hsa-miR-4781-5p",0
"1468","hsa-miR-4782-3p",0
"1469","hsa-miR-4782-5p",0
"1470","hsa-miR-4783-3p",0
"1471","hsa-miR-4783-5p",0
"1472","hsa-miR-4784",0
"1473","hsa-miR-4785",2
"1474","hsa-miR-4786-3p",0
"1475","hsa-miR-4786-5p",1
"1476","hsa-miR-4787-3p",0
"1477","hsa-miR-4787-5p",0
"1478","hsa-miR-4788",0
"1479","hsa-miR-4789-3p",0
"1480","hsa-miR-4789-5p",0
"1481","hsa-miR-4790-3p",0
"1482","hsa-miR-4790-5p",0
"1483","hsa-miR-4791",0
"1484","hsa-miR-4793-3p",0
"1485","hsa-miR-4793-5p",0
"1486","hsa-miR-4794",0
"1487","hsa-miR-4795-3p",0
"1488","hsa-miR-4795-5p",0
"1489","hsa-miR-4796-3p",0
"1490","hsa-miR-4796-5p",0
"1491","hsa-miR-4797-3p",0
"1492","hsa-miR-4797-5p",0
"1493","hsa-miR-4798-3p",0
"1494","hsa-miR-4798-5p",0
"1495","hsa-miR-4799-3p",0
"1496","hsa-miR-4799-5p",0
"1497","hsa-miR-4800-3p",0
"1498","hsa-miR-4800-5p",0
"1499","hsa-miR-4801",0
"1500","hsa-miR-4802-3p",1
"1501","hsa-miR-4802-5p",0
"1502","hsa-miR-4803",0
"1503","hsa-miR-4804-3p",0
"1504","hsa-miR-4804-5p",3
"1505","hsa-miR-483-3p",0
"1506","hsa-miR-483-5p",0
"1507","hsa-miR-484",325
"1508","hsa-miR-485-3p",4
"1509","hsa-miR-485-5p",3
"1510","hsa-miR-486-3p",0
"1511","hsa-miR-486-5p",14.5
"1512","hsa-miR-487a-3p",6
"1513","hsa-miR-487a-5p",0
"1514","hsa-miR-487b-3p",7
"1515","hsa-miR-487b-5p",0
"1516","hsa-miR-488-3p",0
"1517","hsa-miR-488-5p",0
"1518","hsa-miR-489-3p",0
"1519","hsa-miR-489-5p",0
"1520","hsa-miR-490-3p",0
"1521","hsa-miR-490-5p",0
"1522","hsa-miR-491-3p",1
"1523","hsa-miR-491-5p",0
"1524","hsa-miR-492",0
"1525","hsa-miR-493-3p",19
"1526","hsa-miR-493-5p",11
"1527","hsa-miR-494-3p",1
"1528","hsa-miR-494-5p",0
"1529","hsa-miR-495-3p",0
"1530","hsa-miR-495-5p",0
"1531","hsa-miR-496",0
"1532","hsa-miR-497-3p",0
"1533","hsa-miR-497-5p",0
"1534","hsa-miR-498-3p",0
"1535","hsa-miR-498-5p",0
"1536","hsa-miR-4999-3p",1
"1537","hsa-miR-4999-5p",0
"1538","hsa-miR-499a-3p",0
"1539","hsa-miR-499a-5p",0
"1540","hsa-miR-499b-3p",0
"1541","hsa-miR-499b-5p",0
"1542","hsa-miR-5000-3p",2
"1543","hsa-miR-5000-5p",0
"1544","hsa-miR-5001-3p",0
"1545","hsa-miR-5001-5p",1
"1546","hsa-miR-5002-3p",0
"1547","hsa-miR-5002-5p",0
"1548","hsa-miR-5003-3p",0
"1549","hsa-miR-5003-5p",0
"1550","hsa-miR-5004-3p",0
"1551","hsa-miR-5004-5p",0
"1552","hsa-miR-5006-3p",0
"1553","hsa-miR-5006-5p",0
"1554","hsa-miR-5007-3p",0
"1555","hsa-miR-5007-5p",0
"1556","hsa-miR-5008-3p",1
"1557","hsa-miR-5008-5p",0
"1558","hsa-miR-5009-3p",0
"1559","hsa-miR-5009-5p",0
"1560","hsa-miR-500a-3p",455
"1561","hsa-miR-500a-5p",8
"1562","hsa-miR-500b-3p",0
"1563","hsa-miR-500b-5p",1
"1564","hsa-miR-501-3p",259
"1565","hsa-miR-501-5p",8
"1566","hsa-miR-5010-3p",4
"1567","hsa-miR-5010-5p",1
"1568","hsa-miR-5011-3p",0
"1569","hsa-miR-5011-5p",0
"1570","hsa-miR-502-3p",22
"1571","hsa-miR-502-5p",0
"1572","hsa-miR-503-3p",5
"1573","hsa-miR-503-5p",19
"1574","hsa-miR-504-3p",0
"1575","hsa-miR-504-5p",0
"1576","hsa-miR-5047",0
"1577","hsa-miR-505-3p",38
"1578","hsa-miR-505-5p",7
"1579","hsa-miR-506-3p",5
"1580","hsa-miR-506-5p",0
"1581","hsa-miR-507",0
"1582","hsa-miR-508-3p",27
"1583","hsa-miR-508-5p",1
"1584","hsa-miR-5087",0
"1585","hsa-miR-5088-3p",0
"1586","hsa-miR-5088-5p",2
"1587","hsa-miR-5089-3p",0
"1588","hsa-miR-5089-5p",0
"1589","hsa-miR-509-3-5p",6
"1590","hsa-miR-509-3p",178
"1591","hsa-miR-509-5p",2
"1592","hsa-miR-5090",0
"1593","hsa-miR-5091",0
"1594","hsa-miR-5092",3
"1595","hsa-miR-5093",0
"1596","hsa-miR-5094",2
"1597","hsa-miR-510-3p",0
"1598","hsa-miR-510-5p",2
"1599","hsa-miR-5100",0
"1600","hsa-miR-511-3p",0
"1601","hsa-miR-511-5p",0
"1602","hsa-miR-512-3p",0
"1603","hsa-miR-512-5p",0
"1604","hsa-miR-513a-3p",0
"1605","hsa-miR-513a-5p",0
"1606","hsa-miR-513b-3p",0
"1607","hsa-miR-513b-5p",1
"1608","hsa-miR-513c-3p",1
"1609","hsa-miR-513c-5p",0
"1610","hsa-miR-514a-3p",10
"1611","hsa-miR-514a-5p",3
"1612","hsa-miR-514b-3p",0
"1613","hsa-miR-514b-5p",1
"1614","hsa-miR-515-3p",0
"1615","hsa-miR-515-5p",1
"1616","hsa-miR-516a-3p",0
"1617","hsa-miR-516a-5p",0
"1618","hsa-miR-516b-3p",0
"1619","hsa-miR-516b-5p",0
"1620","hsa-miR-517-5p",0
"1621","hsa-miR-517a-3p",0
"1622","hsa-miR-517b-3p",0
"1623","hsa-miR-517c-3p",0
"1624","hsa-miR-5186",0
"1625","hsa-miR-5187-3p",1
"1626","hsa-miR-5187-5p",0
"1627","hsa-miR-5188",0
"1628","hsa-miR-5189-3p",0
"1629","hsa-miR-5189-5p",0
"1630","hsa-miR-518a-3p",0
"1631","hsa-miR-518a-5p",0
"1632","hsa-miR-518b",0
"1633","hsa-miR-518c-3p",0
"1634","hsa-miR-518c-5p",0
"1635","hsa-miR-518d-3p",0
"1636","hsa-miR-518d-5p",0
"1637","hsa-miR-518e-3p",0
"1638","hsa-miR-518e-5p",0
"1639","hsa-miR-518f-3p",0
"1640","hsa-miR-518f-5p",0
"1641","hsa-miR-5190",0
"1642","hsa-miR-5191",0
"1643","hsa-miR-5192",0
"1644","hsa-miR-5193",0
"1645","hsa-miR-5194",0
"1646","hsa-miR-5195-3p",0
"1647","hsa-miR-5195-5p",0
"1648","hsa-miR-5196-3p",0
"1649","hsa-miR-5196-5p",0
"1650","hsa-miR-5197-3p",0
"1651","hsa-miR-5197-5p",0
"1652","hsa-miR-519a-2-5p",0
"1653","hsa-miR-519a-3p",0
"1654","hsa-miR-519a-5p",0
"1655","hsa-miR-519b-3p",0
"1656","hsa-miR-519b-5p",0
"1657","hsa-miR-519c-3p",0
"1658","hsa-miR-519c-5p",0
"1659","hsa-miR-519d-3p",0
"1660","hsa-miR-519d-5p",0
"1661","hsa-miR-519e-3p",0
"1662","hsa-miR-519e-5p",0
"1663","hsa-miR-520a-3p",0
"1664","hsa-miR-520a-5p",0
"1665","hsa-miR-520b-3p",0
"1666","hsa-miR-520b-5p",0
"1667","hsa-miR-520c-3p",0
"1668","hsa-miR-520c-5p",0
"1669","hsa-miR-520d-3p",0
"1670","hsa-miR-520d-5p",0
"1671","hsa-miR-520e-3p",0
"1672","hsa-miR-520e-5p",0
"1673","hsa-miR-520f-3p",0
"1674","hsa-miR-520f-5p",0
"1675","hsa-miR-520g-3p",0
"1676","hsa-miR-520g-5p",0
"1677","hsa-miR-520h",0
"1678","hsa-miR-521",0
"1679","hsa-miR-522-3p",0
"1680","hsa-miR-522-5p",0
"1681","hsa-miR-523-3p",0
"1682","hsa-miR-523-5p",0
"1683","hsa-miR-524-3p",0
"1684","hsa-miR-524-5p",0
"1685","hsa-miR-525-3p",0
"1686","hsa-miR-525-5p",0
"1687","hsa-miR-526a-3p",0
"1688","hsa-miR-526a-5p",0
"1689","hsa-miR-526b-3p",0
"1690","hsa-miR-526b-5p",0
"1691","hsa-miR-527",0
"1692","hsa-miR-532-3p",17
"1693","hsa-miR-532-5p",231
"1694","hsa-miR-539-3p",4
"1695","hsa-miR-539-5p",0
"1696","hsa-miR-541-3p",0
"1697","hsa-miR-541-5p",0
"1698","hsa-miR-542-3p",14
"1699","hsa-miR-542-5p",5
"1700","hsa-miR-543",10
"1701","hsa-miR-544a",0
"1702","hsa-miR-544b",0
"1703","hsa-miR-545-3p",3
"1704","hsa-miR-545-5p",1
"1705","hsa-miR-548a-3p",1
"1706","hsa-miR-548a-5p",0
"1707","hsa-miR-548aa",0
"1708","hsa-miR-548ab",0
"1709","hsa-miR-548ac",0
"1710","hsa-miR-548ad-3p",0
"1711","hsa-miR-548ad-5p",1.8
"1712","hsa-miR-548ae-3p",0
"1713","hsa-miR-548ae-5p",1.8
"1714","hsa-miR-548ag",0.5
"1715","hsa-miR-548ah-3p",3.5
"1716","hsa-miR-548ah-5p",0
"1717","hsa-miR-548ai",0
"1718","hsa-miR-548aj-3p",0
"1719","hsa-miR-548aj-5p",1
"1720","hsa-miR-548ak",0
"1721","hsa-miR-548al",0
"1722","hsa-miR-548am-3p",1
"1723","hsa-miR-548am-5p",7.66666666666667
"1724","hsa-miR-548an",0
"1725","hsa-miR-548ao-3p",0
"1726","hsa-miR-548ao-5p",0
"1727","hsa-miR-548ap-3p",0
"1728","hsa-miR-548ap-5p",1.5
"1729","hsa-miR-548aq-3p",3
"1730","hsa-miR-548aq-5p",1
"1731","hsa-miR-548ar-3p",0
"1732","hsa-miR-548ar-5p",0.75
"1733","hsa-miR-548as-3p",0
"1734","hsa-miR-548as-5p",0
"1735","hsa-miR-548at-3p",0
"1736","hsa-miR-548at-5p",0
"1737","hsa-miR-548au-3p",0
"1738","hsa-miR-548au-5p",6.25
"1739","hsa-miR-548av-3p",11.2
"1740","hsa-miR-548av-5p",37.5
"1741","hsa-miR-548aw",0
"1742","hsa-miR-548ax",0
"1743","hsa-miR-548ay-3p",0
"1744","hsa-miR-548ay-5p",3
"1745","hsa-miR-548az-3p",0
"1746","hsa-miR-548az-5p",0
"1747","hsa-miR-548b-3p",0
"1748","hsa-miR-548b-5p",1
"1749","hsa-miR-548ba",0
"1750","hsa-miR-548bb-3p",0
"1751","hsa-miR-548bb-5p",0
"1752","hsa-miR-548bc",9
"1753","hsa-miR-548c-3p",1
"1754","hsa-miR-548c-5p",7.66666666666667
"1755","hsa-miR-548d-3p",0
"1756","hsa-miR-548d-5p",4.5
"1757","hsa-miR-548e-3p",9
"1758","hsa-miR-548e-5p",8
"1759","hsa-miR-548f-3p",3.6
"1760","hsa-miR-548f-5p",1
"1761","hsa-miR-548g-3p",0
"1762","hsa-miR-548g-5p",1
"1763","hsa-miR-548h-3p",6
"1764","hsa-miR-548h-5p",7
"1765","hsa-miR-548i",1
"1766","hsa-miR-548j-3p",0
"1767","hsa-miR-548j-5p",2
"1768","hsa-miR-548k",75
"1769","hsa-miR-548l",1
"1770","hsa-miR-548m",0
"1771","hsa-miR-548n",0
"1772","hsa-miR-548o-3p",25
"1773","hsa-miR-548o-5p",7.66666666666667
"1774","hsa-miR-548p",4
"1775","hsa-miR-548q",2
"1776","hsa-miR-548s",8
"1777","hsa-miR-548t-3p",0
"1778","hsa-miR-548t-5p",0
"1779","hsa-miR-548u",1
"1780","hsa-miR-548v",0
"1781","hsa-miR-548w",4
"1782","hsa-miR-548x-3p",0
"1783","hsa-miR-548x-5p",1
"1784","hsa-miR-548y",0
"1785","hsa-miR-548z",6
"1786","hsa-miR-549a-3p",0
"1787","hsa-miR-549a-5p",1
"1788","hsa-miR-550a-3-5p",15
"1789","hsa-miR-550a-3p",8
"1790","hsa-miR-550a-5p",22
"1791","hsa-miR-550b-2-5p",0
"1792","hsa-miR-550b-3p",0
"1793","hsa-miR-551a",0
"1794","hsa-miR-551b-3p",0
"1795","hsa-miR-551b-5p",0
"1796","hsa-miR-552-3p",0
"1797","hsa-miR-552-5p",0
"1798","hsa-miR-553",0
"1799","hsa-miR-554",0
"1800","hsa-miR-555",0
"1801","hsa-miR-556-3p",0
"1802","hsa-miR-556-5p",1
"1803","hsa-miR-557",0
"1804","hsa-miR-5571-3p",0
"1805","hsa-miR-5571-5p",0
"1806","hsa-miR-5572",0
"1807","hsa-miR-5579-3p",1
"1808","hsa-miR-5579-5p",1
"1809","hsa-miR-558",0
"1810","hsa-miR-5580-3p",0
"1811","hsa-miR-5580-5p",0
"1812","hsa-miR-5581-3p",1
"1813","hsa-miR-5581-5p",0
"1814","hsa-miR-5582-3p",0
"1815","hsa-miR-5582-5p",0
"1816","hsa-miR-5583-3p",0
"1817","hsa-miR-5583-5p",0
"1818","hsa-miR-5584-3p",0
"1819","hsa-miR-5584-5p",0
"1820","hsa-miR-5585-3p",0
"1821","hsa-miR-5585-5p",0
"1822","hsa-miR-5586-3p",0
"1823","hsa-miR-5586-5p",0
"1824","hsa-miR-5587-3p",0
"1825","hsa-miR-5587-5p",0
"1826","hsa-miR-5588-3p",0
"1827","hsa-miR-5588-5p",0
"1828","hsa-miR-5589-3p",0
"1829","hsa-miR-5589-5p",0
"1830","hsa-miR-559",0
"1831","hsa-miR-5590-3p",0
"1832","hsa-miR-5590-5p",0
"1833","hsa-miR-5591-3p",0
"1834","hsa-miR-5591-5p",0
"1835","hsa-miR-561-3p",0
"1836","hsa-miR-561-5p",64
"1837","hsa-miR-562",0
"1838","hsa-miR-563",0
"1839","hsa-miR-564",0
"1840","hsa-miR-567",0
"1841","hsa-miR-568",0
"1842","hsa-miR-5680",0
"1843","hsa-miR-5681a",0
"1844","hsa-miR-5681b",0
"1845","hsa-miR-5682",0
"1846","hsa-miR-5683",1
"1847","hsa-miR-5684",0
"1848","hsa-miR-5685",0
"1849","hsa-miR-5687",0
"1850","hsa-miR-5688",0
"1851","hsa-miR-5689",0
"1852","hsa-miR-569",0
"1853","hsa-miR-5690",0
"1854","hsa-miR-5691",0
"1855","hsa-miR-5692a",0
"1856","hsa-miR-5692b",0
"1857","hsa-miR-5692c",0
"1858","hsa-miR-5693",0
"1859","hsa-miR-5694",0
"1860","hsa-miR-5695",1
"1861","hsa-miR-5696",0
"1862","hsa-miR-5697",0
"1863","hsa-miR-5698",0
"1864","hsa-miR-5699-3p",3
"1865","hsa-miR-5699-5p",1
"1866","hsa-miR-570-3p",0
"1867","hsa-miR-570-5p",0
"1868","hsa-miR-5700",7
"1869","hsa-miR-5701",0
"1870","hsa-miR-5702",1
"1871","hsa-miR-5703",0
"1872","hsa-miR-5704",0
"1873","hsa-miR-5705",0
"1874","hsa-miR-5706",1
"1875","hsa-miR-5707",0
"1876","hsa-miR-5708",0
"1877","hsa-miR-571",0
"1878","hsa-miR-572",0
"1879","hsa-miR-573",2
"1880","hsa-miR-5739",0
"1881","hsa-miR-574-3p",142
"1882","hsa-miR-574-5p",22
"1883","hsa-miR-575",0
"1884","hsa-miR-576-3p",18
"1885","hsa-miR-576-5p",38
"1886","hsa-miR-577",88
"1887","hsa-miR-578",0
"1888","hsa-miR-5787",0
"1889","hsa-miR-579-3p",0
"1890","hsa-miR-579-5p",1
"1891","hsa-miR-580-3p",2
"1892","hsa-miR-580-5p",0
"1893","hsa-miR-581",0
"1894","hsa-miR-582-3p",70
"1895","hsa-miR-582-5p",20
"1896","hsa-miR-583",0
"1897","hsa-miR-584-3p",2
"1898","hsa-miR-584-5p",871
"1899","hsa-miR-585-3p",0
"1900","hsa-miR-585-5p",0
"1901","hsa-miR-586",0
"1902","hsa-miR-587",0
"1903","hsa-miR-588",1
"1904","hsa-miR-589-3p",30
"1905","hsa-miR-589-5p",148
"1906","hsa-miR-590-3p",45
"1907","hsa-miR-590-5p",0
"1908","hsa-miR-591",0
"1909","hsa-miR-592",0
"1910","hsa-miR-593-3p",0
"1911","hsa-miR-593-5p",0
"1912","hsa-miR-595",0
"1913","hsa-miR-596",0
"1914","hsa-miR-597-3p",2
"1915","hsa-miR-597-5p",2
"1916","hsa-miR-598-3p",13
"1917","hsa-miR-598-5p",0
"1918","hsa-miR-599",0
"1919","hsa-miR-600",0
"1920","hsa-miR-601",0
"1921","hsa-miR-602",0
"1922","hsa-miR-603",0
"1923","hsa-miR-604",0
"1924","hsa-miR-605-3p",0
"1925","hsa-miR-605-5p",0
"1926","hsa-miR-606",0
"1927","hsa-miR-6068",0
"1928","hsa-miR-6069",0
"1929","hsa-miR-607",0
"1930","hsa-miR-6070",0
"1931","hsa-miR-6071",0
"1932","hsa-miR-6072",0
"1933","hsa-miR-6073",0
"1934","hsa-miR-6074",0
"1935","hsa-miR-6075",0
"1936","hsa-miR-6076",0
"1937","hsa-miR-6077",0
"1938","hsa-miR-6078",0
"1939","hsa-miR-6079",0
"1940","hsa-miR-608",0
"1941","hsa-miR-6080",0
"1942","hsa-miR-6081",0
"1943","hsa-miR-6082",0
"1944","hsa-miR-6083",0
"1945","hsa-miR-6084",0
"1946","hsa-miR-6085",0
"1947","hsa-miR-6086",0
"1948","hsa-miR-6088",0
"1949","hsa-miR-6089",0
"1950","hsa-miR-609",0
"1951","hsa-miR-6090",0
"1952","hsa-miR-610",0
"1953","hsa-miR-611",0
"1954","hsa-miR-612",0
"1955","hsa-miR-6124",0
"1956","hsa-miR-6125",0
"1957","hsa-miR-6126",0
"1958","hsa-miR-6127",0
"1959","hsa-miR-6128",0
"1960","hsa-miR-6129",0
"1961","hsa-miR-613",0
"1962","hsa-miR-6130",0
"1963","hsa-miR-6131",0
"1964","hsa-miR-6132",0
"1965","hsa-miR-6133",0
"1966","hsa-miR-6134",0
"1967","hsa-miR-614",0
"1968","hsa-miR-615-3p",87
"1969","hsa-miR-615-5p",25
"1970","hsa-miR-616-3p",1
"1971","hsa-miR-616-5p",1
"1972","hsa-miR-6165",0
"1973","hsa-miR-617",0
"1974","hsa-miR-618",0
"1975","hsa-miR-619-3p",0
"1976","hsa-miR-619-5p",3
"1977","hsa-miR-620",0
"1978","hsa-miR-621",0
"1979","hsa-miR-622",0
"1980","hsa-miR-623",0
"1981","hsa-miR-624-3p",0
"1982","hsa-miR-624-5p",0
"1983","hsa-miR-625-3p",25
"1984","hsa-miR-625-5p",47
"1985","hsa-miR-626",0
"1986","hsa-miR-627-3p",8
"1987","hsa-miR-627-5p",10
"1988","hsa-miR-628-3p",1
"1989","hsa-miR-628-5p",4
"1990","hsa-miR-629-3p",5
"1991","hsa-miR-629-5p",9
"1992","hsa-miR-630",0
"1993","hsa-miR-631",0
"1994","hsa-miR-632",0
"1995","hsa-miR-633",0
"1996","hsa-miR-634",0
"1997","hsa-miR-635",0
"1998","hsa-miR-636",0
"1999","hsa-miR-637",0
"2000","hsa-miR-638",0
"2001","hsa-miR-639",0
"2002","hsa-miR-640",0
"2003","hsa-miR-641",28
"2004","hsa-miR-642a-3p",2
"2005","hsa-miR-642a-5p",1
"2006","hsa-miR-642b-3p",0
"2007","hsa-miR-642b-5p",0
"2008","hsa-miR-643",1
"2009","hsa-miR-644a",0
"2010","hsa-miR-645",0
"2011","hsa-miR-646",0
"2012","hsa-miR-647",0
"2013","hsa-miR-648",0
"2014","hsa-miR-649",0
"2015","hsa-miR-6499-3p",0
"2016","hsa-miR-6499-5p",9
"2017","hsa-miR-650",0
"2018","hsa-miR-6500-3p",0
"2019","hsa-miR-6500-5p",0
"2020","hsa-miR-6501-3p",0
"2021","hsa-miR-6501-5p",0
"2022","hsa-miR-6502-3p",0
"2023","hsa-miR-6502-5p",0
"2024","hsa-miR-6503-3p",0
"2025","hsa-miR-6503-5p",0
"2026","hsa-miR-6504-3p",0
"2027","hsa-miR-6504-5p",0
"2028","hsa-miR-6505-3p",1
"2029","hsa-miR-6505-5p",0
"2030","hsa-miR-6506-3p",0
"2031","hsa-miR-6506-5p",0
"2032","hsa-miR-6507-3p",0
"2033","hsa-miR-6507-5p",0
"2034","hsa-miR-6508-3p",0
"2035","hsa-miR-6508-5p",0
"2036","hsa-miR-6509-3p",0
"2037","hsa-miR-6509-5p",0
"2038","hsa-miR-651-3p",1
"2039","hsa-miR-651-5p",6
"2040","hsa-miR-6510-3p",9
"2041","hsa-miR-6510-5p",0
"2042","hsa-miR-6511a-3p",1
"2043","hsa-miR-6511a-5p",0
"2044","hsa-miR-6511b-3p",1
"2045","hsa-miR-6511b-5p",0
"2046","hsa-miR-6512-3p",0
"2047","hsa-miR-6512-5p",0
"2048","hsa-miR-6513-3p",1
"2049","hsa-miR-6513-5p",3
"2050","hsa-miR-6514-3p",0
"2051","hsa-miR-6514-5p",1
"2052","hsa-miR-6515-3p",0
"2053","hsa-miR-6515-5p",1
"2054","hsa-miR-6516-3p",1
"2055","hsa-miR-6516-5p",1
"2056","hsa-miR-652-3p",49
"2057","hsa-miR-652-5p",1
"2058","hsa-miR-6529-3p",0
"2059","hsa-miR-6529-5p",0
"2060","hsa-miR-653-3p",0
"2061","hsa-miR-653-5p",0
"2062","hsa-miR-654-3p",93
"2063","hsa-miR-654-5p",0
"2064","hsa-miR-655-3p",0
"2065","hsa-miR-655-5p",0
"2066","hsa-miR-656-3p",1
"2067","hsa-miR-656-5p",0
"2068","hsa-miR-657",0
"2069","hsa-miR-658",0
"2070","hsa-miR-659-3p",0
"2071","hsa-miR-659-5p",7
"2072","hsa-miR-660-3p",1
"2073","hsa-miR-660-5p",77
"2074","hsa-miR-661",0
"2075","hsa-miR-662",0
"2076","hsa-miR-663a",0
"2077","hsa-miR-663b",0
"2078","hsa-miR-664a-3p",7
"2079","hsa-miR-664a-5p",2
"2080","hsa-miR-664b-3p",0
"2081","hsa-miR-664b-5p",0
"2082","hsa-miR-665",0
"2083","hsa-miR-668-3p",1
"2084","hsa-miR-668-5p",0
"2085","hsa-miR-670-3p",0
"2086","hsa-miR-670-5p",0
"2087","hsa-miR-671-3p",229
"2088","hsa-miR-671-5p",15
"2089","hsa-miR-6715a-3p",0
"2090","hsa-miR-6715b-3p",0
"2091","hsa-miR-6715b-5p",0
"2092","hsa-miR-6716-3p",2
"2093","hsa-miR-6716-5p",0
"2094","hsa-miR-6717-5p",0
"2095","hsa-miR-6718-5p",0
"2096","hsa-miR-6719-3p",0
"2097","hsa-miR-6720-3p",1
"2098","hsa-miR-6720-5p",1
"2099","hsa-miR-6721-5p",0
"2100","hsa-miR-6722-3p",0
"2101","hsa-miR-6722-5p",0
"2102","hsa-miR-6724-5p",2
"2103","hsa-miR-6726-3p",0
"2104","hsa-miR-6726-5p",0
"2105","hsa-miR-6727-3p",0
"2106","hsa-miR-6727-5p",0
"2107","hsa-miR-6728-3p",0
"2108","hsa-miR-6728-5p",0
"2109","hsa-miR-6729-3p",0
"2110","hsa-miR-6729-5p",0
"2111","hsa-miR-6730-3p",0
"2112","hsa-miR-6730-5p",0
"2113","hsa-miR-6731-3p",0
"2114","hsa-miR-6731-5p",0
"2115","hsa-miR-6732-3p",0
"2116","hsa-miR-6732-5p",0
"2117","hsa-miR-6733-3p",0
"2118","hsa-miR-6733-5p",0
"2119","hsa-miR-6734-3p",0
"2120","hsa-miR-6734-5p",0
"2121","hsa-miR-6735-3p",0
"2122","hsa-miR-6735-5p",0
"2123","hsa-miR-6736-3p",0
"2124","hsa-miR-6736-5p",0
"2125","hsa-miR-6737-3p",0
"2126","hsa-miR-6737-5p",0
"2127","hsa-miR-6738-3p",0
"2128","hsa-miR-6738-5p",0
"2129","hsa-miR-6739-3p",0
"2130","hsa-miR-6739-5p",0
"2131","hsa-miR-6740-3p",0
"2132","hsa-miR-6740-5p",1
"2133","hsa-miR-6741-3p",0
"2134","hsa-miR-6741-5p",0
"2135","hsa-miR-6742-3p",0
"2136","hsa-miR-6742-5p",0
"2137","hsa-miR-6743-3p",0
"2138","hsa-miR-6743-5p",0
"2139","hsa-miR-6744-3p",0
"2140","hsa-miR-6744-5p",0
"2141","hsa-miR-6745",0
"2142","hsa-miR-6746-3p",0
"2143","hsa-miR-6746-5p",0
"2144","hsa-miR-6747-3p",0
"2145","hsa-miR-6747-5p",0
"2146","hsa-miR-6748-3p",0
"2147","hsa-miR-6748-5p",0
"2148","hsa-miR-6749-3p",0
"2149","hsa-miR-6749-5p",0
"2150","hsa-miR-675-3p",0
"2151","hsa-miR-675-5p",0
"2152","hsa-miR-6750-3p",0
"2153","hsa-miR-6750-5p",0
"2154","hsa-miR-6751-3p",0
"2155","hsa-miR-6751-5p",0
"2156","hsa-miR-6752-3p",0
"2157","hsa-miR-6752-5p",0
"2158","hsa-miR-6753-3p",0
"2159","hsa-miR-6753-5p",0
"2160","hsa-miR-6754-3p",0
"2161","hsa-miR-6754-5p",0
"2162","hsa-miR-6755-3p",0
"2163","hsa-miR-6755-5p",0
"2164","hsa-miR-6756-3p",0
"2165","hsa-miR-6756-5p",0
"2166","hsa-miR-6757-3p",0
"2167","hsa-miR-6757-5p",0
"2168","hsa-miR-6758-3p",0
"2169","hsa-miR-6758-5p",0
"2170","hsa-miR-6759-3p",0
"2171","hsa-miR-6759-5p",0
"2172","hsa-miR-676-3p",0
"2173","hsa-miR-676-5p",0
"2174","hsa-miR-6760-3p",0
"2175","hsa-miR-6760-5p",0
"2176","hsa-miR-6761-3p",0
"2177","hsa-miR-6761-5p",0
"2178","hsa-miR-6762-3p",0
"2179","hsa-miR-6762-5p",0
"2180","hsa-miR-6763-3p",0
"2181","hsa-miR-6763-5p",0
"2182","hsa-miR-6764-3p",0
"2183","hsa-miR-6764-5p",0
"2184","hsa-miR-6765-3p",0
"2185","hsa-miR-6765-5p",0
"2186","hsa-miR-6766-3p",0
"2187","hsa-miR-6766-5p",0
"2188","hsa-miR-6767-3p",0
"2189","hsa-miR-6767-5p",1
"2190","hsa-miR-6768-3p",0
"2191","hsa-miR-6768-5p",0
"2192","hsa-miR-6769a-3p",0
"2193","hsa-miR-6769a-5p",0
"2194","hsa-miR-6769b-3p",0
"2195","hsa-miR-6769b-5p",0
"2196","hsa-miR-6770-3p",1
"2197","hsa-miR-6770-5p",0
"2198","hsa-miR-6771-3p",0
"2199","hsa-miR-6771-5p",0
"2200","hsa-miR-6772-3p",1
"2201","hsa-miR-6772-5p",0
"2202","hsa-miR-6773-3p",0
"2203","hsa-miR-6773-5p",0
"2204","hsa-miR-6774-3p",0
"2205","hsa-miR-6774-5p",0
"2206","hsa-miR-6775-3p",0
"2207","hsa-miR-6775-5p",0
"2208","hsa-miR-6776-3p",0
"2209","hsa-miR-6776-5p",0
"2210","hsa-miR-6777-3p",1
"2211","hsa-miR-6777-5p",0
"2212","hsa-miR-6778-3p",0
"2213","hsa-miR-6778-5p",0
"2214","hsa-miR-6779-3p",0
"2215","hsa-miR-6779-5p",0
"2216","hsa-miR-6780a-3p",0
"2217","hsa-miR-6780a-5p",1
"2218","hsa-miR-6780b-3p",0
"2219","hsa-miR-6780b-5p",0
"2220","hsa-miR-6781-3p",0
"2221","hsa-miR-6781-5p",0
"2222","hsa-miR-6782-3p",0
"2223","hsa-miR-6782-5p",0
"2224","hsa-miR-6783-3p",1
"2225","hsa-miR-6783-5p",0
"2226","hsa-miR-6784-3p",0
"2227","hsa-miR-6784-5p",0
"2228","hsa-miR-6785-3p",0
"2229","hsa-miR-6785-5p",0
"2230","hsa-miR-6786-3p",0
"2231","hsa-miR-6786-5p",0
"2232","hsa-miR-6787-3p",0
"2233","hsa-miR-6787-5p",0
"2234","hsa-miR-6788-3p",0
"2235","hsa-miR-6788-5p",0
"2236","hsa-miR-6789-3p",0
"2237","hsa-miR-6789-5p",0
"2238","hsa-miR-6790-3p",0
"2239","hsa-miR-6790-5p",0
"2240","hsa-miR-6791-3p",0
"2241","hsa-miR-6791-5p",0
"2242","hsa-miR-6792-3p",0
"2243","hsa-miR-6792-5p",0
"2244","hsa-miR-6793-3p",0
"2245","hsa-miR-6793-5p",0
"2246","hsa-miR-6794-3p",0
"2247","hsa-miR-6794-5p",0
"2248","hsa-miR-6795-3p",0
"2249","hsa-miR-6795-5p",0
"2250","hsa-miR-6796-3p",0
"2251","hsa-miR-6796-5p",0
"2252","hsa-miR-6797-3p",0
"2253","hsa-miR-6797-5p",0
"2254","hsa-miR-6798-3p",0
"2255","hsa-miR-6798-5p",0
"2256","hsa-miR-6799-3p",0
"2257","hsa-miR-6799-5p",0
"2258","hsa-miR-6800-3p",0
"2259","hsa-miR-6800-5p",0
"2260","hsa-miR-6801-3p",0
"2261","hsa-miR-6801-5p",0
"2262","hsa-miR-6802-3p",0
"2263","hsa-miR-6802-5p",0
"2264","hsa-miR-6803-3p",0
"2265","hsa-miR-6803-5p",0
"2266","hsa-miR-6804-3p",0
"2267","hsa-miR-6804-5p",0
"2268","hsa-miR-6805-3p",0
"2269","hsa-miR-6805-5p",0
"2270","hsa-miR-6806-3p",0
"2271","hsa-miR-6806-5p",0
"2272","hsa-miR-6807-3p",0
"2273","hsa-miR-6807-5p",0
"2274","hsa-miR-6808-3p",0
"2275","hsa-miR-6808-5p",0
"2276","hsa-miR-6809-3p",0
"2277","hsa-miR-6809-5p",0
"2278","hsa-miR-6810-3p",0
"2279","hsa-miR-6810-5p",0
"2280","hsa-miR-6811-3p",0
"2281","hsa-miR-6811-5p",0
"2282","hsa-miR-6812-3p",0
"2283","hsa-miR-6812-5p",0
"2284","hsa-miR-6813-3p",0
"2285","hsa-miR-6813-5p",0
"2286","hsa-miR-6814-3p",0
"2287","hsa-miR-6814-5p",0
"2288","hsa-miR-6815-3p",0
"2289","hsa-miR-6815-5p",0
"2290","hsa-miR-6816-3p",0
"2291","hsa-miR-6816-5p",0
"2292","hsa-miR-6817-3p",0
"2293","hsa-miR-6817-5p",0
"2294","hsa-miR-6818-3p",0
"2295","hsa-miR-6818-5p",0
"2296","hsa-miR-6819-3p",0
"2297","hsa-miR-6819-5p",0
"2298","hsa-miR-6820-3p",0
"2299","hsa-miR-6820-5p",0
"2300","hsa-miR-6821-3p",0
"2301","hsa-miR-6821-5p",0
"2302","hsa-miR-6822-3p",0
"2303","hsa-miR-6822-5p",0
"2304","hsa-miR-6823-3p",0
"2305","hsa-miR-6823-5p",0
"2306","hsa-miR-6824-3p",0
"2307","hsa-miR-6824-5p",0
"2308","hsa-miR-6825-3p",0
"2309","hsa-miR-6825-5p",0
"2310","hsa-miR-6826-3p",0
"2311","hsa-miR-6826-5p",1
"2312","hsa-miR-6827-3p",0
"2313","hsa-miR-6827-5p",0
"2314","hsa-miR-6828-3p",0
"2315","hsa-miR-6828-5p",0
"2316","hsa-miR-6829-3p",0
"2317","hsa-miR-6829-5p",0
"2318","hsa-miR-6830-3p",0
"2319","hsa-miR-6830-5p",0
"2320","hsa-miR-6831-3p",0
"2321","hsa-miR-6831-5p",0
"2322","hsa-miR-6832-3p",0
"2323","hsa-miR-6832-5p",0
"2324","hsa-miR-6833-3p",0
"2325","hsa-miR-6833-5p",0
"2326","hsa-miR-6834-3p",0
"2327","hsa-miR-6834-5p",0
"2328","hsa-miR-6835-3p",0
"2329","hsa-miR-6835-5p",0
"2330","hsa-miR-6836-3p",0
"2331","hsa-miR-6836-5p",0
"2332","hsa-miR-6837-3p",0
"2333","hsa-miR-6837-5p",0
"2334","hsa-miR-6838-3p",0
"2335","hsa-miR-6838-5p",0
"2336","hsa-miR-6839-3p",0
"2337","hsa-miR-6839-5p",0
"2338","hsa-miR-6840-3p",0
"2339","hsa-miR-6840-5p",0
"2340","hsa-miR-6841-3p",0
"2341","hsa-miR-6841-5p",0
"2342","hsa-miR-6842-3p",3
"2343","hsa-miR-6842-5p",0
"2344","hsa-miR-6843-3p",0
"2345","hsa-miR-6844",0
"2346","hsa-miR-6845-3p",0
"2347","hsa-miR-6845-5p",1
"2348","hsa-miR-6846-3p",0
"2349","hsa-miR-6846-5p",0
"2350","hsa-miR-6847-3p",0
"2351","hsa-miR-6847-5p",1
"2352","hsa-miR-6848-3p",0
"2353","hsa-miR-6848-5p",0
"2354","hsa-miR-6849-3p",0
"2355","hsa-miR-6849-5p",0
"2356","hsa-miR-6850-3p",0
"2357","hsa-miR-6850-5p",0
"2358","hsa-miR-6851-3p",0
"2359","hsa-miR-6851-5p",0
"2360","hsa-miR-6852-3p",0
"2361","hsa-miR-6852-5p",2
"2362","hsa-miR-6853-3p",0
"2363","hsa-miR-6853-5p",0
"2364","hsa-miR-6854-3p",0
"2365","hsa-miR-6854-5p",0
"2366","hsa-miR-6855-3p",0
"2367","hsa-miR-6855-5p",0
"2368","hsa-miR-6856-3p",0
"2369","hsa-miR-6856-5p",0
"2370","hsa-miR-6857-3p",0
"2371","hsa-miR-6857-5p",0
"2372","hsa-miR-6858-3p",0
"2373","hsa-miR-6858-5p",0
"2374","hsa-miR-6859-3p",0
"2375","hsa-miR-6859-5p",0
"2376","hsa-miR-6860",0
"2377","hsa-miR-6861-3p",0
"2378","hsa-miR-6861-5p",0
"2379","hsa-miR-6862-3p",1
"2380","hsa-miR-6862-5p",0
"2381","hsa-miR-6863",0
"2382","hsa-miR-6864-3p",0
"2383","hsa-miR-6864-5p",0
"2384","hsa-miR-6865-3p",0
"2385","hsa-miR-6865-5p",0
"2386","hsa-miR-6866-3p",0
"2387","hsa-miR-6866-5p",2
"2388","hsa-miR-6867-3p",0
"2389","hsa-miR-6867-5p",0
"2390","hsa-miR-6868-3p",0
"2391","hsa-miR-6868-5p",0
"2392","hsa-miR-6869-3p",0
"2393","hsa-miR-6869-5p",0
"2394","hsa-miR-6870-3p",0
"2395","hsa-miR-6870-5p",0
"2396","hsa-miR-6871-3p",0
"2397","hsa-miR-6871-5p",0
"2398","hsa-miR-6872-3p",0
"2399","hsa-miR-6872-5p",0
"2400","hsa-miR-6873-3p",0
"2401","hsa-miR-6873-5p",0
"2402","hsa-miR-6874-3p",0
"2403","hsa-miR-6874-5p",0
"2404","hsa-miR-6875-3p",0
"2405","hsa-miR-6875-5p",1
"2406","hsa-miR-6876-3p",0
"2407","hsa-miR-6876-5p",0
"2408","hsa-miR-6877-3p",0
"2409","hsa-miR-6877-5p",0
"2410","hsa-miR-6878-3p",0
"2411","hsa-miR-6878-5p",0
"2412","hsa-miR-6879-3p",0
"2413","hsa-miR-6879-5p",0
"2414","hsa-miR-6880-3p",0
"2415","hsa-miR-6880-5p",0
"2416","hsa-miR-6881-3p",6
"2417","hsa-miR-6881-5p",0
"2418","hsa-miR-6882-3p",0
"2419","hsa-miR-6882-5p",0
"2420","hsa-miR-6883-3p",0
"2421","hsa-miR-6883-5p",0
"2422","hsa-miR-6884-3p",0
"2423","hsa-miR-6884-5p",0
"2424","hsa-miR-6885-3p",0
"2425","hsa-miR-6885-5p",0
"2426","hsa-miR-6886-3p",0
"2427","hsa-miR-6886-5p",1
"2428","hsa-miR-6887-3p",0
"2429","hsa-miR-6887-5p",0
"2430","hsa-miR-6888-3p",0
"2431","hsa-miR-6888-5p",0
"2432","hsa-miR-6889-3p",0
"2433","hsa-miR-6889-5p",0
"2434","hsa-miR-6890-3p",0
"2435","hsa-miR-6890-5p",0
"2436","hsa-miR-6891-3p",0
"2437","hsa-miR-6891-5p",0
"2438","hsa-miR-6892-3p",0
"2439","hsa-miR-6892-5p",1
"2440","hsa-miR-6893-3p",0
"2441","hsa-miR-6893-5p",0
"2442","hsa-miR-6894-3p",0
"2443","hsa-miR-6894-5p",0
"2444","hsa-miR-6895-3p",0
"2445","hsa-miR-6895-5p",0
"2446","hsa-miR-7-1-3p",12
"2447","hsa-miR-7-2-3p",0
"2448","hsa-miR-7-5p",7
"2449","hsa-miR-708-3p",153
"2450","hsa-miR-708-5p",146
"2451","hsa-miR-7106-3p",0
"2452","hsa-miR-7106-5p",0
"2453","hsa-miR-7107-3p",0
"2454","hsa-miR-7107-5p",0
"2455","hsa-miR-7108-3p",0
"2456","hsa-miR-7108-5p",0
"2457","hsa-miR-7109-3p",0
"2458","hsa-miR-7109-5p",0
"2459","hsa-miR-711",0
"2460","hsa-miR-7110-3p",0
"2461","hsa-miR-7110-5p",0
"2462","hsa-miR-7111-3p",0
"2463","hsa-miR-7111-5p",0
"2464","hsa-miR-7112-3p",0
"2465","hsa-miR-7112-5p",0
"2466","hsa-miR-7113-3p",0
"2467","hsa-miR-7113-5p",0
"2468","hsa-miR-7114-3p",0
"2469","hsa-miR-7114-5p",0
"2470","hsa-miR-7150",0
"2471","hsa-miR-7151-3p",0
"2472","hsa-miR-7151-5p",0
"2473","hsa-miR-7152-3p",0
"2474","hsa-miR-7152-5p",0
"2475","hsa-miR-7153-3p",0
"2476","hsa-miR-7153-5p",0
"2477","hsa-miR-7154-3p",0
"2478","hsa-miR-7154-5p",0
"2479","hsa-miR-7155-3p",0
"2480","hsa-miR-7155-5p",0
"2481","hsa-miR-7156-3p",0
"2482","hsa-miR-7156-5p",1
"2483","hsa-miR-7157-3p",0
"2484","hsa-miR-7157-5p",0
"2485","hsa-miR-7158-3p",0
"2486","hsa-miR-7158-5p",0
"2487","hsa-miR-7159-3p",0
"2488","hsa-miR-7159-5p",0
"2489","hsa-miR-7160-3p",0
"2490","hsa-miR-7160-5p",0
"2491","hsa-miR-7161-3p",0
"2492","hsa-miR-7161-5p",0
"2493","hsa-miR-7162-3p",0
"2494","hsa-miR-7162-5p",0
"2495","hsa-miR-718",0
"2496","hsa-miR-744-3p",12
"2497","hsa-miR-744-5p",423
"2498","hsa-miR-7515",0
"2499","hsa-miR-758-3p",9
"2500","hsa-miR-758-5p",1
"2501","hsa-miR-759",0
"2502","hsa-miR-760",0
"2503","hsa-miR-761",0
"2504","hsa-miR-762",0
"2505","hsa-miR-764",0
"2506","hsa-miR-765",0
"2507","hsa-miR-766-3p",1
"2508","hsa-miR-766-5p",0
"2509","hsa-miR-767-3p",0
"2510","hsa-miR-767-5p",0
"2511","hsa-miR-769-3p",1
"2512","hsa-miR-769-5p",416
"2513","hsa-miR-770-5p",0
"2514","hsa-miR-7702",0
"2515","hsa-miR-7703",0
"2516","hsa-miR-7704",0
"2517","hsa-miR-7705",2
"2518","hsa-miR-7706",35
"2519","hsa-miR-7843-3p",0
"2520","hsa-miR-7843-5p",0
"2521","hsa-miR-7844-5p",0
"2522","hsa-miR-7845-5p",0
"2523","hsa-miR-7846-3p",0
"2524","hsa-miR-7847-3p",0
"2525","hsa-miR-7848-3p",0
"2526","hsa-miR-7849-3p",0
"2527","hsa-miR-7850-5p",0
"2528","hsa-miR-7851-3p",0
"2529","hsa-miR-7852-3p",0
"2530","hsa-miR-7853-5p",0
"2531","hsa-miR-7854-3p",0
"2532","hsa-miR-7855-5p",0
"2533","hsa-miR-7856-5p",0
"2534","hsa-miR-7973",0
"2535","hsa-miR-7974",227
"2536","hsa-miR-7975",0
"2537","hsa-miR-7976",6
"2538","hsa-miR-7977",0
"2539","hsa-miR-7978",0
"2540","hsa-miR-802",0
"2541","hsa-miR-8052",0
"2542","hsa-miR-8053",0
"2543","hsa-miR-8054",0
"2544","hsa-miR-8055",0
"2545","hsa-miR-8056",0
"2546","hsa-miR-8057",0
"2547","hsa-miR-8058",0
"2548","hsa-miR-8059",0
"2549","hsa-miR-8060",0
"2550","hsa-miR-8061",0
"2551","hsa-miR-8062",0
"2552","hsa-miR-8063",0
"2553","hsa-miR-8064",0
"2554","hsa-miR-8065",0
"2555","hsa-miR-8066",0
"2556","hsa-miR-8067",0
"2557","hsa-miR-8068",0
"2558","hsa-miR-8069",0
"2559","hsa-miR-8070",0
"2560","hsa-miR-8071",0
"2561","hsa-miR-8072",0
"2562","hsa-miR-8073",0
"2563","hsa-miR-8074",0
"2564","hsa-miR-8075",0
"2565","hsa-miR-8076",0
"2566","hsa-miR-8077",0
"2567","hsa-miR-8078",0
"2568","hsa-miR-8079",0
"2569","hsa-miR-8080",0
"2570","hsa-miR-8081",0
"2571","hsa-miR-8082",0
"2572","hsa-miR-8083",0
"2573","hsa-miR-8084",0
"2574","hsa-miR-8085",0
"2575","hsa-miR-8086",0
"2576","hsa-miR-8087",0
"2577","hsa-miR-8088",0
"2578","hsa-miR-8089",0
"2579","hsa-miR-8485",0
"2580","hsa-miR-873-3p",44
"2581","hsa-miR-873-5p",23
"2582","hsa-miR-874-3p",37
"2583","hsa-miR-874-5p",8
"2584","hsa-miR-875-3p",0
"2585","hsa-miR-875-5p",0
"2586","hsa-miR-876-3p",0
"2587","hsa-miR-876-5p",0
"2588","hsa-miR-877-3p",1
"2589","hsa-miR-877-5p",87
"2590","hsa-miR-885-3p",0
"2591","hsa-miR-885-5p",0
"2592","hsa-miR-887-3p",37
"2593","hsa-miR-887-5p",5
"2594","hsa-miR-888-3p",0
"2595","hsa-miR-888-5p",0
"2596","hsa-miR-889-3p",8
"2597","hsa-miR-889-5p",0
"2598","hsa-miR-890",0
"2599","hsa-miR-891a-3p",0
"2600","hsa-miR-891a-5p",0
"2601","hsa-miR-891b",0
"2602","hsa-miR-892a",0
"2603","hsa-miR-892b",0
"2604","hsa-miR-892c-3p",0
"2605","hsa-miR-892c-5p",0
"2606","hsa-miR-9-3p",1
"2607","hsa-miR-9-5p",59
"2608","hsa-miR-920",0
"2609","hsa-miR-921",0
"2610","hsa-miR-922",0
"2611","hsa-miR-924",0
"2612","hsa-miR-92a-1-5p",108
"2613","hsa-miR-92a-2-5p",2
"2614","hsa-miR-92a-3p",32139.5
"2615","hsa-miR-92b-3p",3315
"2616","hsa-miR-92b-5p",7
"2617","hsa-miR-93-3p",79
"2618","hsa-miR-93-5p",964
"2619","hsa-miR-933",0
"2620","hsa-miR-934",7
"2621","hsa-miR-935",0
"2622","hsa-miR-936",0
"2623","hsa-miR-937-3p",7
"2624","hsa-miR-937-5p",0
"2625","hsa-miR-938",0
"2626","hsa-miR-939-3p",0
"2627","hsa-miR-939-5p",2
"2628","hsa-miR-940",1
"2629","hsa-miR-941",657
"2630","hsa-miR-942-3p",1
"2631","hsa-miR-942-5p",32
"2632","hsa-miR-943",0
"2633","hsa-miR-944",184
"2634","hsa-miR-95-3p",2
"2635","hsa-miR-95-5p",0
"2636","hsa-miR-9500",0
"2637","hsa-miR-96-3p",0
"2638","hsa-miR-96-5p",140
"2639","hsa-miR-9718",0
"2640","hsa-miR-98-3p",23
"2641","hsa-miR-98-5p",954
"2642","hsa-miR-9851-3p",0
"2643","hsa-miR-9851-5p",0
"2644","hsa-miR-9898",1
"2645","hsa-miR-9899",0
"2646","hsa-miR-9900",0
"2647","hsa-miR-9901",7
"2648","hsa-miR-9902",0
"2649","hsa-miR-9903",1
"2650","hsa-miR-9983-3p",0
"2651","hsa-miR-9985",12
"2652","hsa-miR-9986",3
"2653","hsa-miR-99a-3p",4
"2654","hsa-miR-99a-5p",96
"2655","hsa-miR-99b-3p",40
"2656","hsa-miR-99b-5p",6809
